Hour,AQI Value
0,231
1,239
2,205
3,167
4,132
5,169
6,162
7,123
8,100
9,101
10,111
11,115
12,135
13,165
14,176
15,187
16,207
17,235
18,268
19,302
20,330
21,345
22,375
23,400
24,362
25,321
26,230
27,225
28,198
29,191
30,199
31,206
32,230
33,279
34,199
35,220
36,222
37,220
38,198
39,208
40,240
41,293
42,368
43,493
44,517
45,501
46,496
47,559
48,530
49,582
50,406
51,261
52,244
53,229
54,176
55,178
56,166
57,131
58,131
59,107
60,103
61,100
62,107
63,115
64,157
65,208
66,214
67,217
68,217
69,229
70,239
71,243
72,251
73,231
74,70
75,11
76,7
77,8
78,9
79,10
80,6
81,12
82,13
83,12
84,15
85,10
86,16
87,14
88,16
89,11
90,16
91,14
92,11
93,11
94,12
95,9
96,9
97,9
98,7
99,7
100,8
101,9
102,9
103,14
104,11
105,13
106,12
107,12
108,14
109,12
110,15
111,33
112,45
113,54
114,72
115,86
116,91
117,101
118,76
119,55
120,97
121,47
122,30
123,37
124,42
125,28
126,17
127,27
128,30
129,40
130,19
131,16
132,7
133,11
134,10
135,10
136,9
137,7
138,11
139,11
140,11
141,9
142,7
143,12
144,12
145,8
146,8
147,10
148,8
149,7
150,8
151,9
152,9
153,11
154,12
155,7
156,6
157,9
158,7
159,10
160,11
161,14
162,16
163,13
164,18
165,12
166,18
167,16
168,17
169,14
170,14
171,9
172,7
173,6
174,9
175,16
176,16
177,21
178,19
179,15
180,22
181,17
182,13
183,10
184,9
185,18
186,61
187,99
188,124
189,135
190,137
191,138
192,136
193,124
194,85
195,82
196,74
197,48
198,33
199,28
200,28
201,25
202,29
203,31
204,37
205,44
206,44
207,32
208,48
209,57
210,87
211,102
212,144
213,173
214,164
215,124
216,83
217,70
218,61
219,44
220,28
221,25
222,26
223,25
224,16
225,24
226,39
227,43
228,55
229,63
230,50
231,74
232,69
233,67
234,68
235,69
236,76
237,29
238,20
239,16
240,15
241,17
242,9
243,9
244,11
245,10
246,10
247,12
248,13
249,13
250,11
251,14
252,10
253,9
254,8
255,10
256,9
257,12
258,8
259,12
260,18
261,12
262,17
263,15
264,14
265,15
266,13
267,11
268,8
269,9
270,14
271,19
272,24
273,30
274,15
275,9
276,9
277,8
278,10
279,8
280,6
281,5
282,12
283,14
284,21
285,15
286,14
287,12
288,12
289,10
290,8
291,7
292,7
293,6
294,12
295,16
296,24
297,20
298,23
299,23
300,15
301,13
302,15
303,11
304,18
305,19
306,29
307,35
308,36
309,45
310,48
311,51
312,44
313,39
314,38
315,47
316,41
317,40
318,32
319,47
320,78
321,111
322,132
323,85
324,84
325,78
326,47
327,30
328,29
329,80
330,90
331,88
332,95
333,109
334,120
335,134
336,150
337,164
338,159
339,116
340,126
341,128
342,132
343,146
344,82
345,74
346,63
347,59
348,50
349,76
350,86
351,81
352,88
353,89
354,102
355,112
356,115
357,193
358,230
359,222
360,155
361,142
362,117
363,106
364,94
365,88
366,82
367,90
368,93
369,96
370,108
371,109
372,93
373,121
374,112
375,116
376,141
377,136
378,139
379,151
380,144
381,152
382,149
383,156
384,154
385,100
386,70
387,71
388,34
389,18
390,20
391,16
392,16
393,19
394,20
395,20
396,13
397,13
398,16
399,13
400,13
401,17
402,14
403,16
404,21
405,19
406,22
407,11
408,7
409,6
410,6
411,4
412,2
413,9
414,7
415,10
416,10
417,7
418,8
419,8
420,7
421,10
422,16
423,8
424,6
425,8
426,15
427,14
428,16
429,19
430,21
431,25
432,31
433,20
434,32
435,30
436,19
437,45
438,32
439,32
440,26
441,36
443,90
444,101
445,124
446,76
447,77
448,62
449,64
450,80
451,92
452,98
453,128
454,127
455,143
456,171
457,193
458,181
459,146
460,130
461,135
462,143
463,132
464,125
465,132
466,144
467,138
468,158
469,158
470,140
471,141
472,135
473,141
474,163
475,161
476,185
477,205
478,193
479,165
480,134
481,118
482,114
483,112
484,106
485,97
486,90
487,96
488,101
489,131
490,159
491,158
492,156
493,158
494,152
495,146
496,165
497,167
498,148
499,160
500,162
501,185
502,179
503,150
504,133
505,12
506,10
507,12
508,9
509,7
510,7
511,6
512,8
513,9
514,8
515,6
516,11
517,8
518,7
519,8
520,8
521,10
522,8
523,13
524,10
525,8
526,11
527,20
528,22
529,25
530,27
531,15
532,8
533,6
534,8
535,10
536,8
537,14
538,12
539,8
540,11
541,12
542,8
543,9
544,9
545,12
546,14
547,9
548,9
549,9
550,13
551,12
552,11
553,9
554,5
555,7
556,9
557,7
558,6
559,7
560,6
561,14
562,16
563,13
564,10
565,11
566,15
567,10
568,12
569,20
570,18
571,19
572,26
573,22
574,21
575,19
576,13
577,14
578,19
579,13
580,12
581,14
582,14
583,15
584,20
585,14
586,21
587,12
588,17
589,18
590,17
591,16
592,14
593,22
594,31
595,37
596,40
597,40
598,45
599,42
600,29
601,22
602,20
603,17
604,14
605,17
606,20
607,23
608,19
609,23
610,21
611,15
612,16
613,16
614,18
615,23
616,22
617,27
618,30
619,36
620,90
621,104
622,105
623,115
624,121
625,111
626,123
627,134
628,119
629,102
630,88
631,70
632,58
633,50
634,54
635,33
636,54
637,67
638,87
639,126
640,143
641,137
642,139
643,159
644,170
645,206
646,227
647,309
648,344
649,280
650,256
651,241
652,164
653,132
654,149
655,145
656,129
657,124
658,140
659,140
660,126
661,95
662,80
663,74
664,71
665,64
666,94
667,121
668,148
669,184
670,181
671,104
672,87
673,82
674,71
675,57
676,61
677,63
678,65
679,70
680,73
681,76
682,77
683,70
684,65
685,50
686,51
687,45
688,51
689,49
690,42
691,50
692,62
693,53
694,38
695,39
696,29
697,37
698,29
699,33
700,55
701,104
702,85
703,115
704,71
705,47
706,28
707,25
708,22
709,30
710,27
711,32
712,46
713,49
714,68
715,99
716,93
717,16
718,12
719,18
720,14
721,12
722,13
723,12
724,10
725,15
726,8
727,13
728,12
729,8
730,16
731,7
732,10
733,11
734,10
735,11
736,11
737,12
738,13
739,74
740,16
741,14
742,11
743,13
744,11
745,12
746,15
747,12
748,13
749,13
750,25
751,26
752,34
753,31
754,14
755,9
756,11
757,10
758,8
759,9
760,9
761,9
762,17
763,10
764,10
765,9
766,10
767,17
768,10
769,13
770,18
771,25
772,20
773,23
774,25
775,16
776,12
777,21
778,23
779,22
780,25
781,23
782,16
783,12
784,11
785,16
786,57
787,69
788,69
789,69
790,29
791,26
792,37
793,27
794,33
795,39
796,27
797,18
798,29
799,39
800,30
801,30
802,38
803,44
804,56
805,56
806,50
807,39
808,36
809,30
810,56
811,66
812,46
813,29
814,22
815,31
816,43
817,24
818,14
819,12
820,10
821,15
822,14
823,13
824,12
825,16
826,18
827,11
828,12
829,17
830,11
831,12
832,16
833,17
834,12
835,17
836,10
837,11
838,17
839,9
840,12
841,8
842,10
843,13
844,9
845,10
846,13
847,12
848,10
849,19
850,9
851,9
852,14
853,9
854,10
855,13
856,8
857,8
858,8
859,12
860,17
861,10
862,10
863,7
864,8
865,9
866,9
867,9
868,16
869,14
870,24
871,8
872,18
873,14
874,15
875,16
876,42
877,30
878,27
879,15
880,9
881,11
882,49
883,66
884,66
885,56
886,79
887,96
888,84
889,88
890,93
891,75
892,57
893,38
894,33
895,31
896,56
897,30
898,36
899,24
900,19
901,20
902,20
903,17
904,20
905,13
906,20
907,29
908,60
909,72
910,103
911,151
913,544
914,502
916,601
917,564
918,562
919,299
920,21
921,12
922,13
923,9
924,14
925,12
926,10
927,7
928,6
929,6
930,11
931,19
932,64
933,29
934,28
935,27
936,23
937,25
938,29
939,25
940,28
941,32
942,26
943,22
944,20
945,27
946,31
947,47
948,56
949,48
950,41
951,52
952,63
953,73
954,78
955,70
956,71
957,80
958,69
959,62
960,98
961,91
962,94
963,86
964,79
965,78
966,97
967,92
968,110
969,86
970,71
971,83
972,93
973,109
974,115
975,116
976,119
977,117
978,121
979,138
980,177
981,206
982,217
983,222
984,227
985,195
986,180
987,184
988,186
989,234
990,230
991,188
992,154
993,148
994,164
995,157
996,157
997,176
998,172
999,135
1000,129
1001,120
1002,122
1003,99
1004,89
1005,93
1006,95
1007,102
1008,114
1009,96
1010,106
1011,169
1012,171
1013,164
1014,145
1015,148
1016,143
1017,142
1018,145
1019,161
1020,171
1021,171
1022,161
1023,166
1024,176
1025,190
1026,186
1027,213
1028,194
1029,141
1030,41
1031,26
1032,18
1033,21
1034,16
1035,10
1036,14
1037,10
1038,7
1039,6
1040,7
1041,11
1042,9
1043,10
1044,6
1045,6
1046,6
1047,22
1048,25
1049,11
1050,9
1051,17
1052,11
1053,14
1054,15
1055,16
1056,7
1057,8
1058,8
1059,10
1060,6
1061,4
1062,5
1063,6
1064,11
1065,10
1066,11
1067,10
1068,8
1069,14
1070,8
1071,6
1072,6
1073,3
1074,3
1075,5
1076,7
1077,7
1078,7
1079,16
1080,4
1081,6
1082,7
1083,8
1084,8
1085,6
1086,11
1087,6
1088,6
1089,5
1090,7
1091,13
1092,11
1093,12
1094,8
1095,7
1096,11
1097,12
1098,11
1099,15
1100,12
1101,11
1102,9
1103,9
1104,17
1105,12
1106,12
1107,11
1108,8
1109,5
1110,4
1111,6
1112,6
1113,4
1114,2
1115,7
1116,8
1117,7
1118,6
1119,10
1120,11
1121,15
1122,19
1123,15
1124,19
1125,17
1126,16
1127,19
1128,17
1129,20
1130,20
1131,20
1132,23
1133,22
1134,36
1135,36
1136,55
1137,82
1138,80
1139,64
1140,48
1141,48
1142,44
1143,44
1144,41
1145,45
1146,47
1147,66
1148,59
1149,59
1150,73
1151,68
1152,20
1153,17
1154,16
1155,18
1156,13
1157,13
1158,7
1159,4
1160,8
1161,7
1162,9
1163,12
1164,7
1165,10
1166,7
1167,13
1168,12
1169,11
1170,16
1171,19
1172,40
1173,22
1174,21
1175,15
1176,20
1177,11
1178,20
1179,18
1180,18
1181,15
1182,32
1183,21
1184,21
1185,26
1186,25
1187,20
1188,20
1189,10
1190,10
1191,10
1192,6
1193,7
1194,14
1195,10
1196,9
1197,11
1198,6
1199,9
1200,10
1201,14
1202,9
1203,7
1204,7
1205,4
1206,5
1207,9
1208,6
1209,7
1210,10
1211,9
1212,8
1213,16
1214,19
1215,21
1216,16
1217,15
1218,12
1219,19
1220,24
1221,32
1222,39
1223,49
1224,64
1225,72
1226,71
1227,82
1228,81
1229,78
1230,83
1231,84
1232,55
1233,91
1234,141
1235,147
1236,97
1237,84
1238,83
1239,78
1240,79
1241,72
1242,85
1243,111
1244,122
1245,134
1246,114
1247,118
1248,132
1249,129
1250,119
1251,119
1252,113
1253,117
1254,122
1255,135
1256,143
1257,143
1258,116
1259,53
1260,15
1261,13
1262,11
1263,13
1264,10
1265,10
1266,8
1267,15
1268,35
1269,45
1270,32
1271,18
1272,18
1273,18
1274,17
1275,17
1276,10
1277,12
1278,12
1279,11
1280,8
1281,8
1282,12
1283,11
1284,11
1285,9
1286,9
1287,8
1288,6
1289,6
1290,10
1291,13
1292,36
1293,18
1294,21
1295,20
1296,19
1297,18
1298,15
1299,27
1300,44
1301,45
1302,37
1303,35
1304,27
1305,42
1306,58
1307,64
1308,31
1309,20
1310,24
1311,20
1312,27
1313,19
1314,11
1315,10
1316,7
1317,4
1318,5
1319,7
1320,16
1321,14
1322,17
1323,19
1324,27
1325,22
1326,22
1327,21
1328,18
1329,14
1330,21
1333,33
1334,34
1335,38
1336,43
1337,41
1338,21
1339,6
1340,13
1341,7
1342,1
1343,2
1344,5
1345,5
1346,5
1347,6
1348,5
1349,6
1350,9
1351,21
1352,28
1353,43
1354,39
1355,44
1356,44
1357,50
1358,43
1359,50
1360,48
1361,55
1362,55
1363,80
1364,100
1365,62
1366,28
1367,17
1368,12
1369,14
1370,8
1371,22
1372,17
1373,15
1374,19
1375,19
1376,19
1377,20
1378,19
1379,15
1380,18
1381,16
1382,18
1383,21
1384,29
1385,19
1386,30
1387,36
1388,53
1389,43
1390,27
1391,63
1392,54
1393,48
1394,54
1395,71
1396,63
1397,64
1398,63
1399,67
1400,74
1401,52
1402,31
1403,14
1404,12
1405,9
1406,10
1407,7
1408,7
1409,9
1410,9
1411,9
1412,13
1413,10
1414,7
1415,11
1416,14
1417,24
1418,19
1419,13
1420,29
1421,25
1422,12
1423,15
1424,12
1425,15
1426,20
1427,25
1428,30
1429,42
1430,44
1431,42
1432,51
1433,59
1434,52
1435,60
1436,62
1437,58
1438,57
1439,60
1440,85
1441,95
1442,105
1443,112
1444,124
1445,126
1446,132
1447,117
1448,116
1449,108
1450,105
1451,114
1452,126
1453,117
1454,112
1455,96
1456,111
1457,111
1458,138
1459,155
1460,178
1461,196
1462,202
1463,222
1464,220
1465,213
1466,228
1467,224
1468,239
1469,231
1470,219
1471,224
1472,198
1473,206
1474,194
1475,190
1476,168
1477,120
1478,76
1479,101
1480,112
1481,97
1482,107
1483,126
1484,158
1485,166
1486,186
1487,161
1488,135
1489,225
1490,275
1491,274
1492,281
1493,262
1494,248
1495,259
1496,278
1497,307
1498,316
1499,309
1500,332
1501,319
1502,314
1503,307
1504,299
1505,313
1506,348
1507,373
1508,377
1509,409
1510,427
1511,417
1512,414
1513,384
1514,336
1515,320
1516,318
1517,292
1518,294
1519,309
1520,303
1521,329
1522,357
1523,349
1524,364
1525,318
1526,308
1527,311
1528,307
1529,308
1530,357
1531,409
1532,347
1533,280
1534,110
1535,78
1536,139
1537,112
1538,80
1539,68
1540,70
1541,63
1542,59
1543,61
1544,55
1545,49
1546,54
1547,45
1548,50
1549,49
1550,49
1551,55
1552,58
1553,54
1554,52
1555,54
1556,58
1557,44
1558,76
1559,67
1560,55
1561,61
1562,70
1563,77
1564,68
1565,44
1566,32
1567,24
1568,26
1569,33
1570,57
1571,66
1572,98
1573,106
1574,119
1575,135
1576,134
1577,137
1578,146
1579,119
1580,110
1581,111
1582,124
1583,121
1584,132
1585,140
1586,147
1587,109
1588,81
1589,42
1590,17
1591,12
1592,19
1593,16
1594,10
1595,14
1596,12
1597,11
1598,8
1599,13
1600,18
1601,13
1602,13
1603,6
1604,6
1605,8
1606,6
1607,7
1608,8
1609,11
1610,10
1611,13
1612,10
1613,13
1614,8
1615,7
1616,7
1617,13
1618,14
1619,13
1620,15
1621,12
1622,19
1623,19
1624,12
1625,16
1626,11
1627,9
1628,10
1629,8
1630,10
1631,7
1632,6
1633,6
1634,4
1635,6
1636,13
1637,10
1638,10
1639,10
1640,16
1641,9
1642,12
1643,11
1644,14
1645,13
1646,13
1647,14
1648,10
1649,9
1650,10
1651,11
1652,11
1653,8
1654,7
1655,7
1656,7
1657,8
1658,7
1659,13
1660,10
1661,8
1662,11
1663,12
1664,18
1665,13
1666,10
1667,12
1668,15
1669,11
1670,13
1671,14
1672,12
1673,8
1674,7
1675,11
1676,9
1677,13
1678,14
1679,12
1680,20
1681,14
1682,12
1683,10
1684,15
1685,19
1686,21
1687,17
1688,17
1689,16
1690,10
1691,7
1692,13
1693,14
1694,12
1695,21
1696,25
1697,29
1698,27
1699,32
1700,34
1701,34
1702,45
1703,51
1704,60
1705,68
1706,69
1707,77
1708,78
1709,77
1710,92
1711,101
1712,102
1713,105
1714,114
1715,120
1716,120
1717,105
1718,109
1719,113
1720,114
1721,113
1722,124
1723,146
1724,160
1725,150
1726,164
1727,166
1728,38
1729,15
1730,11
1731,9
1732,14
1733,9
1734,8
1735,14
1736,12
1737,11
1738,13
1739,15
1740,16
1741,12
1742,18
1743,12
1744,16
1745,13
1746,11
1747,21
1748,27
1749,30
1750,48
1751,57
1752,63
1753,72
1754,80
1755,104
1756,105
1757,109
1758,98
1759,96
1760,101
1761,119
1762,116
1763,113
1764,110
1765,85
1766,55
1767,42
1768,30
1769,28
1770,39
1771,45
1772,56
1773,61
1774,77
1775,94
1776,101
1777,115
1778,126
1779,112
1780,94
1781,90
1782,93
1783,95
1784,103
1785,112
1786,124
1787,145
1788,146
1789,140
1790,151
1791,162
1792,156
1793,155
1794,163
1795,171
1796,178
1797,177
1798,198
1799,191
1800,213
1801,228
1802,239
1803,235
1804,234
1805,247
1806,223
1807,227
1808,213
1809,215
1810,226
1811,237
1812,246
1813,248
1814,208
1815,217
1816,234
1817,222
1818,236
1819,273
1820,285
1821,269
1822,251
1823,238
1824,222
1825,214
1826,228
1827,220
1828,215
1829,220
1830,228
1831,234
1832,243
1833,254
1834,264
1835,274
1836,273
1837,253
1838,246
1839,238
1840,220
1841,236
1842,250
1843,269
1844,308
1845,299
1846,312
1847,337
1848,340
1849,344
1850,353
1851,354
1852,336
1853,334
1854,325
1855,307
1856,305
1857,287
1858,202
1859,140
1860,97
1861,66
1862,58
1863,51
1864,42
1865,34
1866,37
1867,10
1868,13
1869,10
1870,10
1871,11
1872,86
1873,193
1874,197
1875,163
1876,102
1877,82
1878,76
1879,57
1880,52
1881,56
1882,63
1883,66
1884,51
1885,40
1886,39
1887,43
1888,39
1889,37
1890,42
1891,66
1892,57
1893,56
1894,39
1895,37
1896,38
1897,40
1898,66
1899,67
1900,67
1901,95
1902,81
1903,83
1904,85
1905,77
1906,92
1907,75
1908,54
1909,27
1910,34
1911,29
1912,35
1913,39
1914,47
1915,55
1916,75
1917,75
1918,93
1919,98
1920,97
1921,105
1922,110
1923,118
1924,138
1925,151
1926,152
1927,155
1928,135
1929,112
1931,170
1932,169
1933,105
1934,99
1935,111
1936,110
1937,122
1938,124
1939,120
1940,131
1941,140
1942,148
1943,143
1944,160
1945,167
1946,171
1947,191
1948,195
1949,185
1950,171
1951,171
1952,139
1953,129
1954,115
1955,104
1956,97
1957,99
1958,90
1959,82
1960,79
1961,61
1962,49
1963,50
1964,49
1965,54
1966,77
1967,85
1968,104
1969,86
1970,81
1971,63
1972,23
1973,10
1974,10
1975,10
1976,7
1977,8
1978,8
1979,6
1980,11
1981,9
1982,8
1983,5
1984,4
1985,5
1986,3
1987,8
1988,13
1989,16
1990,12
1991,7
1992,9
1993,10
1994,14
1995,13
1996,11
1997,10
1998,15
1999,14
2000,8
2001,8
2002,7
2003,6
2004,7
2005,7
2006,11
2007,7
2008,12
2009,13
2010,12
2011,11
2012,30
2013,25
2014,29
2015,18
2016,16
2017,11
2018,14
2019,26
2020,24
2021,52
2022,52
2023,28
2024,18
2025,13
2026,15
2027,15
2028,12
2029,13
2030,10
2031,11
2032,17
2033,25
2034,17
2035,19
2036,27
2037,32
2038,30
2039,34
2040,41
2041,15
2042,9
2043,10
2044,6
2045,6
2046,8
2047,10
2048,7
2049,10
2050,15
2051,10
2052,6
2053,12
2054,10
2055,16
2056,10
2057,13
2058,11
2059,10
2060,8
2061,5
2062,9
2063,6
2064,6
2065,6
2066,10
2067,7
2068,6
2069,8
2070,10
2071,8
2072,9
2073,12
2074,12
2075,6
2076,6
2077,7
2078,6
2079,4
2080,12
2081,10
2082,11
2083,16
2084,23
2085,37
2086,40
2087,43
2088,57
2089,59
2090,62
2091,66
2092,76
2093,73
2094,78
2095,104
2096,79
2097,100
2098,100
2099,100
2100,96
2101,100
2102,109
2103,100
2104,85
2105,87
2106,79
2107,74
2108,65
2109,43
2110,22
2111,13
2112,13
2113,9
2114,6
2115,6
2116,6
2117,4
2118,5
2119,8
2120,24
2121,19
2122,12
2123,12
2124,19
2125,13
2126,21
2127,20
2128,21
2129,23
2130,26
2131,29
2132,35
2133,38
2134,42
2135,36
2136,14
2137,8
2138,9
2139,9
2140,6
2141,5
2142,6
2143,6
2144,12
2145,10
2146,9
2147,8
2148,15
2149,22
2150,21
2151,24
2152,31
2153,34
2154,37
2155,47
2156,64
2157,66
2158,59
2159,75
2160,85
2161,101
2162,114
2163,115
2164,122
2165,129
2166,127
2167,121
2168,137
2169,172
2170,172
2171,183
2172,205
2173,215
2174,218
2175,219
2176,191
2177,149
2178,122
2179,115
2180,156
2181,97
2182,61
2183,56
2184,60
2185,60
2186,62
2187,58
2188,57
2189,64
2190,67
2191,79
2192,95
2193,63
2194,41
2195,34
2196,18
2197,17
2198,27
2199,18
2200,9
2201,9
2202,7
2203,8
2204,8
2205,9
2206,10
2207,8
2208,5
2209,2
2210,1
2211,5
2212,7
2213,8
2214,6
2215,7
2216,7
2217,8
2218,6
2219,5
2220,6
2221,9
2222,7
2223,6
2224,6
2225,6
2226,7
2227,8
2228,5
2229,7
2230,7
2231,6
2232,5
2233,3
2234,2
2235,5
2236,10
2237,18
2238,11
2239,14
2240,13
2241,10
2242,6
2243,5
2244,3
2245,7
2246,8
2247,14
2248,19
2249,22
2250,21
2251,26
2252,35
2253,32
2254,40
2255,42
2256,43
2257,42
2258,48
2259,51
2260,61
2261,59
2262,56
2263,73
2264,58
2265,62
2266,70
2267,70
2268,74
2269,71
2270,74
2271,69
2272,66
2273,76
2274,69
2275,69
2276,76
2277,85
2278,94
2279,99
2280,117
2281,125
2282,129
2283,131
2284,118
2285,120
2286,127
2287,123
2288,98
2289,101
2290,117
2291,147
2292,133
2293,136
2294,129
2295,122
2296,132
2297,123
2298,91
2299,70
2300,61
2301,47
2302,46
2303,39
2304,38
2305,39
2306,45
2307,47
2308,64
2309,74
2310,79
2311,98
2312,93
2313,103
2314,105
2315,123
2316,141
2317,159
2318,185
2319,191
2320,183
2321,173
2322,174
2323,197
2324,207
2325,221
2326,219
2327,227
2328,237
2329,239
2330,247
2331,255
2332,263
2333,245
2334,247
2335,173
2336,66
2337,33
2338,35
2339,31
2340,24
2341,18
2342,12
2343,13
2344,13
2345,17
2346,15
2347,12
2348,13
2349,13
2350,9
2351,8
2352,7
2353,5
2354,7
2355,7
2356,7
2357,9
2358,7
2359,11
2360,9
2361,7
2362,7
2363,6
2364,58
2365,48
2366,37
2367,30
2368,35
2369,41
2370,41
2371,35
2372,49
2373,61
2374,64
2375,61
2376,61
2377,63
2378,61
2379,62
2380,64
2381,61
2382,86
2383,86
2384,99
2385,95
2386,97
2387,88
2388,82
2389,106
2390,104
2391,87
2392,96
2393,64
2394,56
2395,46
2396,42
2397,39
2398,41
2399,38
2400,39
2401,36
2402,33
2403,36
2404,38
2405,40
2406,39
2407,44
2408,45
2409,44
2410,46
2411,51
2412,57
2413,50
2414,61
2415,64
2416,69
2417,196
2418,132
2419,78
2420,149
2421,82
2422,196
2423,27
2424,26
2425,21
2426,29
2427,84
2428,71
2429,86
2430,43
2431,91
2432,52
2433,54
2434,110
2435,59
2436,48
2437,55
2438,58
2439,58
2440,69
2441,72
2442,72
2443,58
2444,55
2445,57
2446,51
2447,59
2448,52
2449,55
2450,60
2451,69
2452,91
2453,64
2454,62
2455,68
2456,70
2457,69
2458,67
2459,69
2460,80
2461,79
2462,82
2463,64
2464,61
2465,68
2466,64
2467,64
2468,70
2469,64
2470,81
2471,83
2472,96
2473,103
2474,111
2475,113
2476,122
2477,144
2478,170
2479,192
2480,208
2481,194
2482,227
2483,217
2484,249
2485,247
2486,214
2487,139
2488,60
2489,70
2490,27
2491,14
2492,42
2493,17
2494,17
2495,18
2496,19
2497,21
2498,38
2499,57
2500,47
2501,28
2502,53
2503,9
2504,30
2505,61
2506,52
2507,8
2508,8
2509,11
2510,16
2511,31
2512,28
2513,26
2514,67
2515,52
2516,33
2517,34
2518,34
2519,37
2520,47
2521,30
2522,28
2523,34
2524,40
2525,45
2526,55
2527,79
2528,86
2529,105
2530,67
2531,76
2532,78
2533,167
2534,93
2535,128
2536,93
2537,93
2538,98
2539,102
2540,103
2541,80
2542,47
2543,46
2544,36
2545,25
2546,21
2547,18
2548,17
2549,22
2550,21
2551,28
2552,68
2553,117
2554,77
2555,35
2556,21
2557,23
2558,20
2559,6
2560,5
2561,7
2562,5
2563,12
2564,11
2565,13
2566,17
2567,13
2568,16
2569,11
2570,13
2571,15
2572,9
2573,14
2574,13
2575,13
2576,13
2577,13
2578,11
2579,14
2580,12
2581,12
2582,12
2583,12
2584,15
2585,11
2586,12
2587,10
2588,15
2589,11
2590,17
2591,7
2592,6
2593,8
2594,10
2595,17
2596,16
2597,9
2598,10
2599,14
2600,15
2601,15
2602,15
2603,17
2604,14
2605,16
2606,18
2607,19
2608,12
2609,13
2610,13
2611,16
2612,19
2613,28
2614,28
2615,30
2616,32
2617,30
2618,33
2619,31
2620,38
2621,59
2622,68
2623,68
2624,70
2625,76
2626,75
2627,77
2628,73
2629,85
2630,83
2631,85
2632,84
2633,83
2634,76
2635,67
2636,72
2637,68
2638,68
2639,65
2640,73
2641,55
2642,75
2643,78
2644,56
2645,55
2646,78
2647,51
2648,51
2649,57
2650,70
2651,83
2652,87
2653,67
2654,44
2655,35
2656,39
2657,39
2658,40
2659,68
2660,58
2661,66
2662,65
2663,67
2664,78
2665,78
2666,87
2667,95
2668,101
2669,115
2670,120
2671,184
2672,202
2673,198
2674,203
2675,180
2676,153
2677,116
2678,69
2679,48
2680,46
2681,72
2682,90
2683,56
2684,15
2685,35
2686,31
2687,39
2688,39
2689,44
2690,40
2691,30
2692,29
2693,27
2694,24
2695,19
2696,24
2697,29
2698,29
2699,18
2700,23
2701,21
2702,9
2703,12
2704,13
2705,9
2706,66
2707,56
2708,125
2709,25
2710,21
2711,15
2712,17
2713,37
2714,34
2715,31
2716,29
2717,30
2718,27
2719,23
2720,19
2721,10
2722,35
2723,30
2724,13
2725,29
2726,36
2727,29
2728,18
2729,26
2730,24
2731,26
2732,36
2733,39
2734,49
2735,37
2736,40
2737,49
2738,46
2739,38
2740,46
2741,54
2742,51
2743,53
2744,56
2745,62
2746,67
2747,66
2748,62
2749,86
2750,118
2751,125
2752,126
2753,118
2754,116
2755,116
2756,94
2757,86
2758,76
2759,59
2760,48
2761,42
2762,59
2763,64
2764,60
2765,67
2766,71
2767,69
2768,80
2769,91
2770,101
2771,115
2772,134
2773,121
2774,84
2775,59
2776,54
2777,57
2778,55
2779,63
2780,133
2781,125
2782,92
2783,74
2784,74
2785,71
2786,70
2787,70
2788,65
2789,67
2790,69
2791,77
2792,72
2793,64
2794,71
2795,80
2796,99
2797,92
2798,78
2799,100
2800,87
2801,81
2802,72
2803,65
2804,63
2805,54
2806,78
2807,73
2808,64
2809,79
2810,75
2811,90
2812,90
2813,87
2814,97
2815,88
2816,74
2817,72
2818,86
2819,91
2820,69
2821,75
2822,82
2823,79
2824,98
2825,90
2826,92
2827,89
2828,104
2829,118
2830,121
2831,137
2832,140
2833,136
2834,141
2835,135
2836,115
2837,103
2838,89
2839,73
2840,69
2841,77
2842,79
2843,69
2844,64
2845,76
2846,94
2847,63
2848,45
2849,52
2850,45
2851,50
2852,40
2853,42
2854,38
2855,33
2856,32
2857,33
2858,39
2859,33
2860,33
2861,34
2862,41
2863,56
2864,66
2865,77
2866,91
2867,111
2868,141
2869,377
2870,198
2871,145
2872,141
2873,149
2874,162
2875,246
2876,162
2877,175
2878,207
2879,213
2880,223
2881,228
2882,226
2883,224
2884,221
2885,209
2886,176
2887,159
2888,139
2889,132
2890,114
2891,118
2892,122
2893,117
2894,109
2895,79
2896,64
2897,78
2898,91
2899,100
2900,105
2901,113
2902,130
2903,148
2904,149
2905,154
2906,144
2907,165
2908,174
2909,178
2910,177
2911,167
2912,171
2913,164
2914,162
2915,174
2916,168
2917,168
2918,166
2919,161
2920,147
2921,153
2922,163
2923,187
2924,207
2925,120
2926,43
2927,43
2928,72
2929,83
2930,50
2931,38
2932,42
2933,33
2934,52
2935,101
2936,102
2937,50
2938,39
2939,260
2940,36
2941,40
2942,42
2943,78
2944,61
2945,45
2946,60
2947,66
2948,77
2949,66
2950,54
2951,55
2952,50
2953,50
2954,44
2955,39
2956,34
2957,19
2958,18
2959,18
2960,21
2961,16
2962,25
2963,37
2964,73
2965,21
2966,25
2967,33
2968,41
2969,15
2970,17
2971,17
2972,29
2973,27
2974,32
2975,30
2976,30
2977,35
2978,39
2979,26
2980,15
2981,23
2982,20
2983,25
2984,26
2985,18
2986,42
2987,19
2988,19
2989,16
2990,20
2991,17
2992,18
2993,25
2994,23
2995,37
2996,29
2997,18
2998,25
2999,26
3000,36
3001,26
3002,26
3003,15
3004,15
3005,18
3006,30
3007,37
3008,36
3009,38
3010,40
3011,47
3012,63
3013,52
3014,56
3015,60
3016,56
3017,64
3018,65
3019,72
3020,75
3021,83
3022,56
3023,114
3024,199
3025,248
3026,439
3027,271
3028,65
3029,38
3030,23
3031,15
3032,13
3033,12
3034,11
3035,8
3036,11
3037,10
3038,12
3039,9
3040,4
3041,5
3042,9
3043,8
3044,7
3045,54
3046,9
3047,7
3048,11
3049,8
3050,19
3051,25
3052,11
3053,21
3054,25
3055,11
3056,12
3057,10
3058,8
3059,5
3060,3
3061,8
3062,8
3063,14
3064,14
3065,12
3066,17
3067,18
3068,18
3069,26
3070,50
3071,43
3072,50
3073,52
3074,63
3075,65
3076,69
3077,66
3078,67
3079,61
3080,70
3081,85
3082,99
3083,105
3084,62
3085,53
3086,111
3087,144
3088,192
3089,67
3090,46
3091,57
3092,38
3093,28
3094,43
3095,31
3096,26
3097,24
3098,31
3099,29
3100,37
3101,40
3102,48
3103,52
3104,48
3105,52
3106,46
3107,52
3108,59
3109,31
3110,20
3111,23
3112,25
3113,22
3114,25
3115,31
3116,47
3117,41
3118,43
3119,35
3120,46
3121,49
3122,39
3123,29
3124,29
3125,26
3126,28
3127,36
3128,40
3129,43
3130,51
3131,42
3132,45
3133,44
3134,47
3135,46
3136,41
3137,36
3138,45
3139,51
3140,67
3141,63
3142,69
3143,76
3144,76
3145,79
3146,106
3147,111
3148,118
3149,120
3150,126
3151,125
3152,132
3153,138
3154,141
3155,145
3156,153
3157,143
3158,139
3159,144
3160,122
3161,110
3162,109
3163,105
3164,117
3165,121
3166,128
3167,136
3168,155
3169,141
3170,14
3171,7
3172,4
3173,5
3174,8
3175,12
3176,21
3177,11
3178,12
3179,19
3180,11
3181,12
3182,7
3183,11
3184,9
3185,8
3186,16
3187,14
3188,18
3189,32
3190,55
3191,46
3192,43
3193,60
3194,55
3195,53
3196,44
3197,38
3198,41
3199,28
3200,29
3201,44
3202,26
3203,17
3204,29
3205,42
3206,37
3207,43
3208,40
3209,29
3210,29
3211,32
3212,35
3213,40
3214,37
3215,32
3216,38
3217,38
3218,33
3219,21
3220,18
3221,19
3222,22
3223,30
3224,37
3225,38
3226,33
3227,41
3228,44
3229,47
3230,47
3231,47
3232,48
3233,47
3234,53
3235,51
3236,58
3237,58
3238,64
3239,64
3240,76
3241,77
3242,80
3243,77
3244,75
3245,80
3246,78
3247,32
3248,20
3249,14
3250,10
3251,9
3252,10
3253,6
3254,12
3255,13
3256,7
3257,7
3258,8
3259,8
3260,42
3261,38
3262,32
3263,44
3264,31
3265,18
3266,24
3267,33
3268,39
3269,44
3270,45
3271,35
3272,27
3273,20
3274,27
3275,19
3276,24
3277,17
3278,24
3279,11
3280,12
3281,11
3282,16
3283,13
3284,26
3285,28
3286,38
3287,35
3288,43
3289,52
3290,44
3291,44
3292,48
3293,48
3294,58
3295,66
3296,86
3297,86
3298,83
3299,78
3300,74
3301,90
3302,68
3303,70
3304,50
3305,63
3306,64
3307,58
3308,48
3309,43
3310,43
3311,44
3312,38
3313,47
3314,44
3315,43
3316,53
3317,56
3318,61
3319,79
3320,72
3321,75
3322,84
3323,60
3324,86
3325,72
3326,65
3327,65
3328,58
3329,59
3330,59
3331,54
3332,63
3333,69
3334,65
3335,76
3336,67
3337,68
3338,76
3339,86
3340,81
3341,84
3342,93
3343,111
3344,111
3345,100
3346,92
3347,82
3348,78
3349,73
3350,66
3351,62
3352,53
3353,60
3354,59
3355,60
3356,80
3357,83
3358,82
3359,68
3360,68
3361,117
3362,112
3363,96
3364,104
3365,104
3366,104
3367,116
3368,108
3369,96
3370,95
3371,95
3372,90
3373,87
3374,87
3375,77
3376,58
3377,39
3378,44
3379,54
3380,74
3381,81
3382,79
3383,80
3384,86
3385,73
3386,78
3387,88
3388,103
3389,97
3390,97
3391,85
3392,82
3393,78
3394,82
3395,84
3396,91
3398,67
3399,63
3400,45
3401,25
3402,32
3403,53
3404,53
3405,44
3406,48
3407,58
3408,68
3409,67
3410,76
3411,75
3412,78
3413,52
3414,43
3415,43
3416,43
3417,47
3418,48
3419,60
3420,58
3421,49
3422,53
3423,39
3424,45
3425,41
3426,44
3427,40
3428,42
3429,52
3430,69
3431,63
3433,49
3434,63
3435,76
3436,70
3437,82
3438,87
3439,84
3440,83
3441,92
3442,88
3443,90
3444,89
3445,79
3446,71
3447,77
3448,58
3449,60
3450,40
3451,3
3452,9
3453,9
3455,11
3456,11
3457,12
3458,14
3459,13
3460,19
3461,39
3462,42
3463,49
3464,44
3465,35
3466,32
3467,32
3468,28
3469,31
3470,26
3471,26
3472,24
3473,28
3474,25
3475,28
3476,32
3477,17
3478,10
3479,12
3480,10
3481,14
3482,12
3483,9
3484,14
3485,17
3486,12
3487,8
3488,19
3489,20
3490,30
3491,25
3492,21
3493,25
3494,30
3495,35
3496,24
3497,26
3498,22
3499,16
3500,23
3501,27
3502,23
3503,40
3504,37
3505,29
3506,31
3507,56
3508,57
3509,46
3510,53
3511,48
3512,28
3513,32
3514,25
3515,29
3516,32
3517,32
3518,25
3519,34
3520,30
3521,26
3522,13
3523,19
3524,271
3525,50
3526,43
3527,41
3528,39
3529,34
3530,35
3531,44
3532,58
3533,61
3534,58
3535,72
3536,79
3537,96
3538,86
3539,59
3540,54
3541,58
3542,74
3543,74
3544,62
3545,55
3546,72
3547,81
3548,43
3549,31
3550,31
3551,32
3552,20
3553,23
3554,26
3555,29
3556,33
3557,42
3558,59
3559,68
3560,72
3561,63
3562,53
3563,50
3564,47
3565,49
3566,52
3567,50
3568,50
3569,41
3570,37
3571,42
3572,41
3573,48
3574,51
3575,56
3576,62
3577,69
3578,73
3579,69
3580,72
3581,70
3582,48
3583,44
3584,34
3585,26
3586,21
3587,24
3588,21
3589,26
3590,30
3591,31
3592,40
3593,28
3594,26
3595,28
3596,61
3597,56
3598,60
3599,55
3600,59
3601,52
3602,43
3603,36
3604,38
3605,47
3606,51
3607,69
3608,85
3609,74
3610,103
3611,107
3612,113
3613,111
3614,118
3615,119
3616,107
3617,101
3618,108
3619,111
3620,105
3621,98
3622,97
3623,70
3624,60
3625,55
3626,60
3627,68
3628,89
3629,95
3630,102
3631,90
3632,97
3633,91
3634,94
3635,64
3636,63
3637,60
3638,60
3639,64
3640,73
3641,69
3642,49
3643,49
3644,50
3645,47
3646,30
3647,28
3648,31
3649,26
3650,28
3651,29
3652,36
3653,33
3654,43
3655,41
3656,52
3657,49
3658,50
3659,70
3660,104
3661,90
3662,119
3663,79
3664,92
3665,67
3666,59
3667,53
3668,45
3669,41
3670,47
3671,44
3672,40
3673,39
3674,36
3675,43
3676,45
3677,59
3678,79
3679,88
3680,112
3681,98
3682,118
3683,86
3684,103
3685,74
3686,54
3687,58
3688,52
3689,45
3690,43
3691,40
3692,37
3693,43
3694,43
3695,44
3696,48
3697,46
3698,48
3699,62
3700,69
3701,83
3702,78
3703,89
3704,100
3705,103
3706,95
3707,99
3708,99
3709,94
3710,79
3711,72
3712,76
3713,94
3714,102
3715,116
3716,111
3717,105
3718,87
3719,60
3720,62
3721,65
3722,67
3723,85
3724,75
3725,82
3726,81
3727,90
3728,102
3729,99
3730,125
3731,84
3732,97
3733,86
3734,87
3735,69
3736,78
3737,74
3738,74
3739,86
3740,78
3741,72
3742,74
3743,89
3744,105
3745,104
3746,69
3747,46
3748,47
3749,51
3750,59
3751,68
3752,64
3753,77
3754,67
3755,81
3756,93
3757,94
3758,78
3759,80
3760,75
3761,71
3762,46
3763,34
3764,37
3765,27
3766,28
3767,46
3768,45
3769,45
3770,42
3771,67
3772,85
3773,81
3774,91
3775,85
3776,90
3777,89
3778,88
3779,97
3780,103
3781,111
3782,113
3783,107
3784,121
3785,117
3786,131
3787,127
3788,113
3789,47
3790,66
3791,64
3792,59
3793,74
3794,80
3795,70
3796,60
3797,41
3798,33
3799,31
3800,37
3801,22
3802,32
3803,33
3804,50
3805,65
3806,57
3807,51
3808,54
3809,60
3810,59
3811,70
3812,85
3813,97
3814,95
3815,92
3816,80
3817,96
3818,99
3819,112
3820,122
3821,124
3822,134
3823,139
3824,152
3825,115
3826,101
3827,92
3828,89
3829,86
3830,89
3831,87
3832,91
3833,108
3834,166
3835,222
3836,214
3837,188
3838,178
3839,176
3840,179
3841,158
3842,128
3843,128
3844,139
3845,147
3846,140
3847,148
3848,143
3849,146
3850,125
3851,87
3852,67
3853,58
3854,54
3855,53
3856,62
3857,44
3858,55
3859,41
3860,52
3861,53
3862,60
3863,56
3864,55
3865,58
3866,57
3867,59
3868,68
3869,53
3870,52
3871,58
3872,61
3873,64
3874,74
3875,83
3876,105
3877,98
3878,83
3879,43
3880,18
3881,9
3882,9
3883,6
3884,3
3885,7
3886,7
3887,14
3888,6
3889,2
3890,0
3891,-4
3892,-1
3893,-1
3894,0
3895,2
3896,1
3897,-1
3898,4
3899,5
3900,18
3901,21
3902,18
3903,17
3904,16
3905,14
3906,13
3907,22
3908,17
3909,19
3910,38
3911,32
3912,71
3913,79
3914,87
3915,88
3916,95
3917,103
3918,103
3919,108
3920,97
3921,103
3922,83
3923,84
3924,64
3925,45
3926,36
3927,41
3928,33
3929,24
3930,27
3931,34
3932,71
3933,78
3934,59
3935,68
3936,98
3937,76
3938,57
3939,60
3940,50
3941,27
3942,30
3943,27
3944,29
3945,36
3946,30
3947,33
3948,43
3949,41
3950,41
3951,38
3952,49
3953,44
3954,53
3955,53
3956,50
3957,55
3958,59
3959,63
3960,69
3961,65
3962,65
3963,65
3964,63
3965,62
3966,56
3967,47
3968,40
3969,24
3970,24
3971,32
3972,29
3973,17
3974,16
3975,18
3976,21
3977,22
3978,16
3979,22
3980,22
3981,17
3982,20
3983,27
3984,22
3985,16
3986,15
3987,16
3988,12
3989,11
3990,12
3991,10
3992,9
3993,5
3994,3
3995,12
3996,12
3997,9
3998,7
3999,8
4000,26
4001,21
4002,33
4003,33
4004,23
4005,17
4006,18
4007,20
4008,29
4009,27
4010,24
4011,17
4012,20
4013,17
4014,20
4015,17
4016,21
4017,12
4018,22
4019,17
4020,15
4021,28
4022,26
4023,44
4024,27
4025,16
4026,52
4027,50
4028,43
4029,47
4030,38
4031,49
4032,33
4033,31
4034,20
4035,18
4036,27
4037,24
4038,17
4039,33
4040,27
4041,37
4042,35
4043,27
4044,29
4045,23
4046,41
4047,33
4048,11
4049,18
4050,32
4051,18
4052,16
4053,27
4054,31
4055,37
4056,44
4057,42
4058,33
4059,27
4060,35
4061,33
4062,31
4063,29
4064,45
4065,47
4066,74
4067,63
4068,70
4069,33
4070,35
4071,33
4072,37
4073,36
4074,44
4075,41
4076,43
4077,50
4078,69
4079,51
4080,40
4081,42
4082,43
4083,44
4084,46
4085,52
4086,92
4087,95
4088,79
4089,85
4090,76
4091,82
4092,51
4093,71
4094,90
4095,25
4096,45
4097,46
4098,55
4099,59
4100,61
4101,102
4102,110
4103,121
4104,126
4105,131
4106,138
4107,79
4108,61
4109,52
4110,56
4111,47
4112,68
4113,66
4114,76
4115,79
4116,72
4117,51
4118,54
4120,47
4121,85
4122,90
4123,82
4124,103
4125,386
4126,54
4127,59
4128,62
4129,782
4130,63
4131,73
4132,94
4133,94
4134,86
4135,140
4136,118
4137,113
4138,86
4139,88
4141,80
4142,66
4143,77
4144,83
4145,85
4146,90
4147,29
4148,29
4149,40
4150,43
4151,47
4152,24
4153,27
4154,17
4155,13
4156,26
4157,30
4158,31
4159,25
4160,29
4161,27
4162,32
4163,45
4164,50
4165,55
4166,59
4167,51
4168,59
4169,60
4170,51
4171,37
4172,52
4173,108
4174,71
4175,52
4176,41
4177,38
4178,44
4179,51
4180,91
4181,111
4182,115
4183,103
4184,55
4185,34
4186,62
4187,102
4188,78
4189,70
4190,55
4191,42
4192,42
4193,64
4194,66
4195,69
4196,58
4197,30
4198,34
4199,43
4200,44
4201,39
4202,44
4203,42
4204,17
4205,10
4206,7
4207,6
4208,5
4209,4
4210,7
4211,6
4212,4
4213,6
4214,6
4215,8
4216,6
4217,6
4218,9
4219,7
4220,8
4221,5
4222,3
4223,4
4224,2
4225,0
4226,0
4227,12
4228,8
4229,6
4230,6
4231,8
4232,7
4233,9
4234,8
4235,15
4236,11
4237,13
4238,15
4239,13
4240,14
4241,16
4242,28
4243,36
4244,49
4245,30
4246,29
4247,29
4248,29
4249,48
4250,53
4251,50
4252,47
4253,40
4254,32
4255,34
4256,29
4257,34
4258,33
4259,37
4260,45
4261,28
4262,17
4263,24
4264,38
4265,43
4266,38
4267,38
4268,38
4269,40
4270,39
4271,36
4272,39
4273,40
4274,48
4275,47
4276,50
4277,61
4278,58
4279,62
4280,50
4281,48
4282,52
4284,48
4285,74
4286,66
4287,65
4288,59
4289,71
4290,56
4291,40
4292,42
4293,45
4294,42
4295,56
4296,59
4297,74
4298,77
4299,76
4300,71
4301,64
4302,43
4303,26
4304,24
4306,48
4307,57
4308,63
4309,74
4310,66
4311,88
4312,98
4313,109
4314,112
4315,121
4316,126
4317,134
4318,104
4319,100
4320,97
4321,93
4322,93
4323,107
4324,103
4325,112
4326,112
4327,121
4328,108
4329,116
4330,86
4331,81
4332,91
4333,83
4334,70
4335,77
4336,89
4337,97
4338,124
4339,135
4340,148
4341,148
4342,100
4343,74
4344,73
4345,50
4346,47
4347,53
4348,46
4349,48
4350,49
4351,54
4352,61
4353,52
4354,40
4355,38
4356,35
4357,36
4358,22
4359,26
4360,26
4361,38
4362,39
4363,62
4364,84
4365,102
4366,102
4367,11
4368,6
4369,6
4370,8
4371,6
4372,9
4373,9
4374,13
4375,8
4376,6
4377,4
4378,9
4379,8
4380,15
4381,1
4382,8
4383,7
4384,5
4385,10
4386,27
4387,25
4388,22
4389,24
4390,21
4391,19
4392,22
4393,28
4394,39
4395,43
4396,59
4397,93
4398,99
4399,102
4400,72
4401,52
4402,44
4403,54
4404,41
4405,35
4406,18
4407,14
4408,16
4409,22
4410,16
4411,19
4412,33
4413,37
4414,37
4415,45
4416,52
4417,57
4418,57
4419,67
4420,67
4421,63
4422,79
4423,75
4424,75
4425,64
4426,63
4427,70
4428,55
4429,54
4430,57
4431,49
4432,66
4433,76
4434,77
4435,74
4436,92
4437,114
4438,134
4439,147
4440,153
4441,163
4442,238
4443,251
4444,252
4445,223
4446,192
4447,153
4448,114
4449,90
4450,84
4451,85
4452,80
4453,85
4454,95
4455,88
4456,85
4457,84
4458,87
4459,79
4460,59
4461,45
4462,57
4463,71
4464,105
4465,108
4466,97
4467,111
4468,128
4469,125
4470,127
4471,102
4472,73
4473,53
4474,53
4475,55
4476,56
4477,61
4478,62
4479,61
4480,59
4481,66
4482,68
4483,72
4484,84
4485,82
4486,88
4487,81
4488,60
4489,50
4490,42
4491,41
4492,50
4493,50
4494,52
4495,56
4496,53
4497,64
4498,71
4499,70
4500,68
4501,59
4502,47
4503,43
4504,38
4505,44
4506,48
4507,48
4508,62
4509,74
4510,89
4511,80
4512,74
4513,83
4514,85
4515,92
4516,126
4517,127
4518,90
4519,82
4520,79
4521,78
4522,86
4523,92
4524,97
4525,96
4526,96
4527,98
4528,108
4529,105
4530,114
4531,88
4532,76
4533,72
4534,69
4535,59
4536,51
4537,52
4538,51
4539,54
4540,57
4541,59
4542,64
4543,61
4544,61
4545,68
4546,80
4547,77
4548,89
4549,95
4550,99
4551,87
4552,96
4553,86
4554,85
4555,89
4556,89
4557,43
4558,34
4559,34
4560,36
4561,51
4562,51
4563,58
4564,58
4565,61
4566,69
4567,68
4568,69
4569,57
4570,57
4571,65
4572,78
4573,76
4574,66
4575,62
4576,62
4577,69
4578,60
4579,66
4580,76
4581,91
4582,77
4583,73
4584,65
4585,63
4586,88
4587,93
4588,107
4589,106
4590,109
4591,101
4592,91
4593,92
4594,67
4595,50
4596,45
4597,38
4598,35
4599,45
4600,37
4601,45
4602,45
4603,43
4604,39
4605,47
4606,43
4607,39
4608,48
4609,55
4610,72
4611,70
4612,76
4613,78
4614,77
4615,88
4616,82
4617,88
4618,80
4619,69
4620,76
4621,66
4622,85
4623,69
4624,64
4625,72
4626,82
4627,67
4628,64
4629,61
4630,50
4631,44
4632,39
4633,43
4634,51
4635,53
4636,58
4637,55
4638,58
4639,59
4640,42
4641,21
4642,21
4643,22
4644,8
4645,12
4646,12
4647,9
4648,6
4649,9
4650,5
4651,6
4652,8
4653,9
4654,7
4655,10
4656,11
4657,16
4658,21
4659,23
4660,25
4661,27
4662,25
4663,17
4664,16
4665,11
4666,7
4667,12
4668,9
4669,11
4670,17
4671,8
4672,13
4673,20
4674,20
4675,23
4676,27
4677,27
4678,28
4679,36
4680,21
4681,22
4682,17
4683,15
4684,22
4685,37
4686,41
4687,46
4688,42
4689,35
4690,27
4691,23
4692,21
4693,25
4694,27
4695,22
4696,25
4697,34
4698,30
4699,40
4700,64
4701,71
4702,60
4703,54
4704,67
4705,87
4706,57
4707,26
4708,27
4709,21
4710,20
4711,23
4712,38
4713,27
4714,29
4715,35
4716,36
4717,36
4718,26
4719,31
4720,34
4721,28
4722,31
4723,33
4724,32
4725,31
4726,38
4727,38
4728,33
4729,33
4730,33
4731,27
4732,38
4733,35
4734,22
4735,19
4736,24
4737,35
4738,30
4739,30
4740,29
4741,42
4742,40
4743,40
4744,39
4745,40
4746,41
4747,42
4748,56
4749,48
4750,51
4751,55
4752,51
4753,55
4754,53
4755,47
4756,52
4757,51
4758,51
4759,54
4760,71
4761,65
4762,67
4763,68
4764,68
4765,80
4766,89
4767,86
4768,86
4769,67
4770,75
4771,77
4772,90
4773,99
4774,96
4775,126
4776,125
4777,115
4778,87
4779,77
4780,83
4781,92
4782,80
4783,72
4784,70
4785,63
4786,68
4787,76
4788,80
4789,90
4790,82
4791,79
4792,95
4793,87
4794,94
4795,107
4796,115
4797,98
4798,66
4799,60
4800,60
4801,63
4802,91
4803,94
4804,125
4805,154
4806,163
4807,154
4808,156
4809,149
4812,96
4813,100
4814,80
4815,83
4816,94
4817,91
4818,108
4819,102
4820,94
4821,96
4822,92
4823,101
4824,98
4825,94
4826,82
4827,87
4828,75
4829,62
4830,59
4831,59
4832,50
4833,38
4834,18
4835,11
4836,13
4837,8
4838,5
4839,3
4840,-2
4841,-2
4842,-2
4843,3
4844,2
4845,-3
4846,-2
4847,1
4848,1
4849,-1
4850,-1
4851,3
4852,1
4853,-1
4854,4
4855,2
4856,-1
4857,0
4858,5
4859,16
4860,34
4861,24
4862,26
4863,32
4864,41
4865,40
4866,40
4867,32
4868,49
4869,60
4870,63
4871,81
4872,76
4873,86
4874,80
4875,80
4876,69
4877,75
4878,80
4879,75
4880,71
4881,49
4882,48
4883,47
4884,64
4885,59
4886,45
4887,48
4888,35
4889,46
4890,45
4891,47
4892,64
4893,85
4894,89
4895,97
4896,101
4897,101
4898,90
4899,91
4900,86
4901,91
4902,92
4903,91
4904,105
4905,95
4906,82
4907,83
4908,95
4909,113
4910,117
4911,102
4912,110
4913,115
4914,140
4915,131
4916,72
4917,17
4918,31
4919,39
4920,31
4921,33
4922,38
4923,42
4924,42
4925,42
4926,37
4927,38
4928,38
4929,42
4930,50
4931,60
4932,60
4933,71
4934,74
4935,90
4936,96
4937,97
4938,75
4939,43
4940,46
4941,64
4942,51
4943,42
4944,43
4945,41
4946,46
4947,54
4948,53
4949,50
4950,45
4951,36
4952,27
4953,19
4954,25
4955,32
4956,39
4957,31
4958,37
4959,27
4960,17
4961,17
4962,23
4963,32
4964,45
4965,30
4966,10
4967,5
4968,-1
4969,-1
4970,2
4971,6
4972,8
4973,5
4974,5
4975,5
4976,4
4977,7
4978,8
4979,11
4980,12
4981,10
4982,18
4983,14
4984,17
4985,11
4986,30
4987,29
4988,36
4989,29
4990,35
4991,37
4992,35
4993,52
4994,46
4995,48
4996,50
4997,54
4998,43
4999,42
5000,39
5001,38
5002,39
5003,39
5004,46
5005,58
5006,46
5007,39
5008,41
5009,72
5010,96
5011,56
5012,26
5013,28
5014,23
5015,25
5016,12
5017,16
5018,13
5019,18
5020,17
5021,20
5022,14
5023,25
5024,23
5025,24
5026,28
5027,28
5028,45
5029,58
5030,45
5031,45
5032,46
5033,60
5034,66
5035,79
5036,92
5037,103
5038,98
5039,115
5040,97
5041,98
5042,68
5043,87
5044,98
5045,125
5046,120
5047,105
5048,90
5049,72
5050,53
5051,76
5052,86
5053,83
5054,96
5055,93
5056,101
5057,99
5058,96
5059,109
5060,96
5061,87
5062,94
5063,92
5064,100
5065,118
5066,118
5067,128
5068,124
5069,130
5070,150
5071,180
5072,192
5073,202
5074,195
5075,177
5076,205
5077,181
5078,181
5079,181
5080,184
5081,84
5082,54
5083,34
5084,39
5085,47
5086,52
5087,29
5088,23
5089,31
5090,40
5091,51
5092,54
5093,57
5094,59
5095,61
5096,63
5097,37
5098,56
5099,55
5100,51
5101,32
5102,24
5103,27
5104,43
5105,61
5106,78
5107,83
5108,82
5109,60
5110,49
5111,52
5112,46
5113,54
5114,54
5115,54
5116,61
5117,57
5118,59
5119,47
5120,37
5121,33
5122,44
5123,42
5124,49
5125,38
5126,45
5127,51
5128,47
5129,64
5130,79
5131,87
5132,64
5133,93
5134,112
5135,117
5136,114
5137,138
5138,83
5139,55
5140,50
5141,50
5142,37
5143,48
5144,54
5145,26
5146,13
5147,16
5148,14
5149,17
5150,17
5151,17
5152,27
5153,32
5154,35
5155,33
5156,30
5157,37
5158,40
5159,45
5160,47
5161,60
5162,59
5163,80
5164,58
5165,46
5166,84
5167,99
5168,62
5169,50
5170,37
5171,37
5172,24
5173,25
5174,29
5175,24
5176,47
5177,42
5178,35
5179,46
5180,45
5181,50
5182,51
5183,71
5184,68
5185,75
5186,80
5187,86
5188,77
5189,87
5190,80
5191,74
5192,82
5193,81
5194,74
5195,79
5196,86
5197,91
5198,91
5199,86
5200,75
5201,74
5202,75
5203,90
5204,100
5205,62
5206,50
5207,39
5208,41
5209,47
5210,44
5211,55
5212,57
5213,59
5214,72
5215,60
5216,46
5217,47
5218,43
5219,38
5220,40
5221,36
5222,32
5223,35
5224,44
5225,51
5226,59
5227,68
5228,77
5229,65
5230,72
5231,60
5232,72
5233,77
5234,79
5235,93
5236,96
5237,114
5238,110
5239,110
5240,107
5241,86
5242,81
5243,79
5244,64
5245,67
5246,74
5247,76
5248,68
5249,78
5250,76
5251,79
5252,84
5253,85
5254,36
5255,18
5256,18
5257,18
5258,17
5259,20
5260,19
5261,13
5262,25
5263,27
5264,14
5265,17
5266,11
5267,14
5268,15
5269,11
5270,7
5271,13
5272,13
5273,17
5274,14
5275,27
5276,23
5277,24
5278,24
5279,27
5280,42
5281,47
5282,48
5283,43
5284,48
5285,42
5286,58
5287,29
5288,15
5289,21
5290,11
5291,11
5292,13
5293,11
5294,23
5295,20
5296,16
5297,17
5298,21
5299,26
5300,36
5301,48
5302,42
5303,38
5304,23
5305,29
5306,23
5307,38
5308,32
5309,41
5310,42
5311,42
5312,40
5313,44
5314,31
5315,34
5316,43
5317,37
5318,44
5319,48
5320,45
5321,30
5322,41
5323,44
5324,66
5325,70
5326,59
5327,56
5328,54
5329,62
5330,69
5331,77
5332,91
5333,87
5334,82
5335,69
5336,59
5337,44
5338,44
5339,47
5340,51
5341,60
5342,65
5343,73
5344,64
5345,81
5346,75
5347,77
5348,70
5349,59
5350,64
5351,57
5352,55
5353,54
5354,54
5355,59
5356,61
5357,67
5358,62
5359,63
5360,66
5361,62
5362,57
5363,53
5364,60
5365,68
5366,67
5367,81
5368,78
5369,70
5370,76
5371,60
5372,60
5373,63
5374,57
5375,60
5376,59
5377,63
5378,52
5379,66
5380,73
5381,73
5382,88
5383,82
5384,80
5385,74
5386,66
5387,49
5388,30
5389,12
5390,12
5391,14
5392,10
5393,17
5394,14
5395,20
5396,20
5397,15
5398,24
5399,23
5400,19
5401,21
5402,24
5403,21
5404,24
5405,23
5406,23
5407,14
5408,18
5409,17
5410,19
5411,22
5412,26
5413,33
5414,21
5415,21
5416,20
5417,11
5418,16
5419,17
5420,10
5421,9
5422,11
5423,8
5424,5
5425,9
5426,10
5427,12
5428,12
5429,13
5430,9
5431,11
5432,13
5433,7
5434,11
5435,11
5436,10
5437,15
5438,13
5439,15
5440,20
5441,23
5442,24
5443,28
5444,45
5445,40
5446,47
5447,50
5448,48
5449,67
5450,95
5451,74
5452,13
5453,12
5454,19
5455,18
5456,13
5457,14
5458,10
5459,9
5460,19
5461,8
5462,8
5463,6
5464,6
5465,9
5466,9
5467,16
5468,14
5469,16
5470,7
5471,18
5472,19
5473,18
5474,25
5475,23
5476,18
5477,18
5478,16
5479,11
5480,19
5481,15
5482,13
5483,26
5484,27
5485,22
5486,23
5487,24
5488,20
5489,33
5490,25
5491,29
5492,25
5493,21
5494,21
5495,27
5496,27
5497,30
5498,32
5499,29
5500,34
5501,43
5502,51
5503,48
5504,54
5505,66
5506,68
5507,53
5508,63
5509,63
5510,68
5511,77
5512,73
5513,80
5514,79
5515,78
5516,86
5517,82
5518,103
5519,111
5520,111
5521,115
5522,114
5523,108
5524,112
5525,103
5526,92
5527,75
5528,78
5529,80
5530,63
5531,69
5532,76
5533,59
5534,65
5535,57
5536,53
5537,53
5538,38
5539,35
5540,46
5541,51
5542,52
5543,45
5544,26
5545,25
5546,13
5547,11
5548,17
5549,11
5550,9
5551,6
5552,5
5553,11
5554,7
5555,5
5556,4
5557,10
5558,11
5559,9
5560,12
5561,10
5562,18
5563,36
5564,31
5565,36
5566,38
5567,38
5568,33
5569,34
5570,38
5571,47
5572,42
5573,46
5574,47
5575,49
5576,46
5577,52
5578,37
5579,35
5580,33
5581,29
5583,28
5584,31
5585,42
5586,53
5587,54
5588,59
5589,47
5590,45
5591,54
5592,55
5593,59
5594,59
5595,53
5596,52
5597,48
5598,41
5599,38
5600,31
5601,34
5602,34
5603,34
5604,42
5605,44
5606,58
5607,38
5608,35
5609,42
5610,47
5611,45
5612,50
5613,58
5614,68
5615,65
5616,65
5617,55
5618,62
5619,61
5620,48
5621,67
5622,77
5623,64
5624,42
5625,22
5626,20
5627,21
5628,27
5629,18
5631,17
5632,17
5633,24
5634,25
5635,29
5636,28
5637,33
5638,34
5639,40
5640,36
5641,44
5642,37
5643,56
5644,52
5645,55
5646,66
5647,50
5648,32
5649,24
5650,24
5651,37
5652,28
5653,48
5654,53
5655,55
5656,62
5657,68
5658,65
5659,72
5660,56
5661,78
5662,67
5663,73
5664,79
5665,74
5666,68
5667,63
5668,63
5669,59
5670,69
5671,57
5672,49
5673,50
5674,58
5675,54
5676,57
5677,54
5678,49
5679,59
5680,63
5681,64
5682,74
5683,83
5684,99
5685,98
5686,76
5687,76
5688,89
5689,38
5690,4
5691,6
5692,6
5693,2
5694,4
5695,3
5696,5
5697,5
5698,5
5699,1
5700,2
5701,1
5702,5
5703,5
5704,3
5705,3
5706,3
5707,9
5708,12
5709,9
5710,7
5711,13
5712,7
5713,6
5714,13
5715,7
5716,12
5717,7
5718,6
5719,3
5720,4
5721,7
5722,4
5723,1
5724,1
5725,0
5726,-1
5727,4
5728,4
5729,3
5730,5
5731,16
5732,19
5733,21
5734,12
5735,24
5736,20
5737,25
5738,15
5739,17
5740,9
5741,9
5742,10
5743,6
5744,17
5745,6
5746,10
5747,4
5748,7
5749,5
5750,1
5751,1
5752,12
5753,8
5754,12
5755,12
5756,18
5757,16
5758,14
5759,10
5760,14
5761,12
5762,12
5763,10
5764,6
5765,9
5766,6
5767,12
5768,12
5769,8
5770,7
5771,8
5772,5
5773,3
5774,1
5775,2
5776,2
5777,3
5778,10
5779,11
5780,23
5781,17
5782,18
5783,16
5784,20
5785,26
5786,33
5787,20
5788,8
5789,4
5790,15
5791,5
5792,6
5793,7
5794,15
5795,11
5796,8
5797,6
5798,4
5799,3
5800,4
5801,12
5802,15
5803,22
5804,25
5805,26
5806,21
5807,32
5808,32
5809,47
5810,55
5811,49
5812,24
5813,21
5814,22
5815,13
5816,15
5817,17
5818,15
5819,24
5820,19
5821,23
5822,23
5823,13
5824,28
5825,26
5826,24
5827,21
5828,34
5829,40
5830,50
5831,43
5832,47
5833,44
5834,38
5835,29
5836,28
5837,21
5838,17
5839,12
5840,13
5841,10
5842,8
5843,10
5844,12
5845,7
5846,2
5847,2
5848,0
5849,2
5850,4
5851,10
5852,6
5853,9
5854,7
5855,7
5856,5
5857,8
5858,7
5859,5
5860,6
5861,6
5862,3
5863,6
5864,5
5865,3
5866,3
5867,2
5868,3
5869,5
5870,0
5871,0
5872,3
5873,8
5874,7
5875,9
5876,5
5877,6
5878,7
5879,20
5880,16
5881,16
5882,21
5883,17
5884,22
5885,17
5886,11
5887,10
5888,14
5889,8
5890,7
5891,5
5892,3
5893,16
5894,5
5895,6
5896,4
5897,4
5898,6
5899,11
5900,7
5901,7
5902,5
5903,2
5904,4
5905,6
5906,8
5907,8
5908,6
5909,14
5910,15
5911,11
5912,14
5913,16
5914,11
5915,17
5916,12
5917,19
5918,19
5919,32
5920,30
5921,23
5922,25
5923,28
5924,29
5925,39
5926,40
5927,46
5928,47
5929,55
5930,74
5931,80
5932,101
5933,98
5934,127
5935,111
5936,101
5937,83
5938,77
5939,68
5940,62
5941,61
5942,49
5943,47
5944,33
5945,23
5946,32
5947,38
5948,52
5949,82
5950,38
5951,28
5952,24
5953,26
5954,24
5955,21
5956,29
5957,27
5958,40
5959,28
5960,29
5961,35
5962,22
5963,19
5964,11
5965,7
5966,5
5967,8
5968,12
5969,14
5970,17
5971,22
5972,37
5973,38
5974,29
5975,36
5976,43
5977,37
5978,25
5979,19
5980,16
5981,21
5982,12
5983,17
5984,11
5985,13
5986,14
5987,9
5988,18
5989,11
5990,6
5991,4
5992,6
5993,13
5994,24
5995,38
5996,36
5997,60
5998,41
5999,41
6000,39
6001,47
6002,41
6003,49
6004,44
6005,42
6006,53
6007,53
6008,54
6009,47
6010,50
6011,38
6012,35
6013,38
6014,36
6015,35
6016,35
6017,32
6018,33
6019,27
6020,16
6021,21
6022,27
6023,29
6024,24
6025,17
6026,23
6027,21
6028,28
6029,22
6030,24
6031,16
6032,23
6033,20
6034,18
6035,5
6036,14
6037,6
6038,2
6039,8
6040,6
6041,8
6042,21
6043,22
6044,28
6045,34
6046,21
6047,23
6048,28
6049,34
6050,19
6051,17
6052,16
6053,12
6054,21
6055,12
6056,12
6057,16
6058,11
6059,4
6060,0
6061,3
6062,4
6063,8
6064,5
6065,7
6066,8
6067,14
6068,20
6069,30
6070,23
6071,20
6072,7
6073,9
6074,6
6075,7
6076,6
6077,8
6078,10
6079,10
6080,14
6081,8
6082,6
6083,5
6084,6
6085,5
6086,2
6087,11
6088,8
6089,19
6090,22
6091,20
6092,20
6093,35
6094,57
6095,77
6096,96
6097,130
6098,27
6099,15
6100,18
6101,24
6102,27
6103,25
6104,24
6105,15
6106,23
6107,18
6108,17
6109,23
6110,16
6111,32
6112,24
6113,26
6114,34
6115,44
6116,22
6117,26
6118,23
6119,21
6120,17
6121,14
6122,21
6123,32
6124,22
6125,19
6126,24
6127,17
6128,23
6129,38
6130,27
6131,21
6132,27
6133,21
6134,29
6135,31
6136,28
6137,35
6138,40
6139,51
6140,54
6141,55
6142,52
6143,50
6144,52
6145,72
6146,59
6147,64
6148,75
6149,80
6150,95
6151,103
6152,112
6153,121
6154,125
6155,103
6156,92
6157,102
6158,120
6159,73
6160,66
6161,59
6162,66
6163,57
6164,65
6165,69
6166,75
6167,86
6168,87
6169,92
6170,99
6171,112
6172,109
6173,113
6174,111
6175,136
6176,126
6177,117
6178,126
6179,114
6180,71
6181,62
6182,65
6183,71
6184,82
6185,100
6186,89
6187,51
6188,75
6189,33
6190,45
6191,48
6192,47
6193,52
6194,54
6195,81
6196,77
6197,80
6198,57
6199,67
6200,85
6201,70
6202,65
6203,64
6204,48
6205,43
6206,39
6207,42
6208,66
6209,100
6210,103
6211,116
6212,125
6213,148
6214,138
6215,143
6216,149
6217,157
6218,176
6219,155
6220,147
6221,154
6222,146
6223,143
6224,141
6225,159
6226,158
6227,148
6228,143
6229,136
6230,131
6231,129
6232,111
6233,114
6234,137
6235,20
6236,18
6237,24
6238,56
6239,75
6240,78
6241,74
6242,78
6243,77
6244,80
6245,77
6246,55
6247,27
6248,21
6249,33
6250,16
6251,9
6252,12
6253,13
6254,14
6255,29
6256,26
6257,22
6258,22
6259,26
6260,25
6261,22
6262,22
6263,25
6264,20
6265,25
6266,14
6267,10
6268,15
6269,17
6270,19
6271,17
6272,23
6273,19
6274,23
6275,17
6276,14
6277,10
6278,19
6279,6
6280,8
6281,12
6282,8
6283,17
6284,17
6285,8
6286,19
6287,17
6288,8
6289,9
6290,8
6291,8
6292,5
6293,9
6294,5
6295,5
6296,5
6297,5
6298,3
6299,7
6300,9
6301,8
6302,6
6303,4
6304,3
6305,2
6306,6
6307,27
6308,27
6309,19
6310,28
6311,44
6312,37
6313,26
6314,30
6315,12
6316,11
6317,8
6318,9
6319,13
6320,14
6321,12
6322,9
6323,7
6324,6
6325,7
6326,8
6327,11
6328,12
6329,14
6330,19
6331,25
6332,32
6333,29
6334,46
6335,39
6336,48
6337,56
6338,53
6339,63
6340,64
6341,48
6342,49
6343,44
6344,56
6345,66
6346,74
6347,76
6348,71
6349,69
6350,73
6351,85
6352,87
6353,80
6354,75
6355,71
6356,76
6357,75
6358,85
6359,93
6360,84
6361,86
6362,89
6363,90
6364,88
6365,84
6366,88
6367,77
6368,70
6369,83
6370,85
6371,78
6372,85
6373,94
6374,87
6375,96
6376,101
6377,109
6378,116
6379,128
6380,134
6381,129
6382,119
6383,130
6384,127
6385,120
6386,110
6387,128
6388,127
6389,105
6390,110
6391,134
6392,140
6393,117
6394,97
6395,91
6396,89
6397,103
6398,115
6399,104
6400,93
6401,106
6402,131
6403,158
6404,168
6405,172
6406,169
6407,175
6408,169
6409,71
6410,24
6411,19
6412,20
6413,22
6414,26
6415,28
6416,35
6417,41
6418,65
6419,70
6420,84
6421,109
6422,123
6423,130
6424,150
6425,168
6426,180
6427,188
6428,208
6429,218
6430,223
6431,232
6432,221
6433,235
6434,244
6435,208
6436,195
6437,192
6438,175
6439,163
6440,153
6441,143
6442,131
6443,135
6444,163
6445,144
6446,143
6447,170
6448,159
6449,137
6450,152
6451,111
6452,92
6453,89
6454,88
6455,73
6456,68
6457,85
6458,95
6459,18
6460,25
6461,29
6462,40
6463,44
6464,42
6465,43
6466,38
6467,48
6468,46
6469,50
6470,49
6471,54
6472,58
6473,66
6474,72
6475,78
6476,102
6477,101
6478,85
6479,96
6480,96
6481,97
6482,97
6483,55
6484,25
6485,18
6486,8
6487,11
6488,13
6489,8
6490,6
6491,3
6492,1
6493,1
6494,1
6495,8
6496,11
6497,9
6498,10
6499,15
6500,17
6501,11
6502,10
6503,7
6504,6
6505,15
6506,14
6507,13
6508,7
6509,5
6510,7
6511,14
6512,10
6513,6
6514,4
6515,7
6516,5
6517,5
6518,6
6519,5
6520,7
6521,7
6522,20
6523,38
6524,27
6525,38
6526,40
6527,49
6528,56
6529,48
6530,49
6531,49
6532,44
6533,39
6534,22
6535,21
6536,20
6537,29
6538,42
6539,53
6540,43
6541,43
6542,44
6543,53
6544,71
6545,82
6546,75
6547,77
6548,84
6549,98
6550,104
6551,112
6552,113
6553,95
6554,79
6555,65
6556,57
6557,66
6558,62
6559,71
6560,66
6561,72
6562,71
6563,81
6564,82
6565,87
6566,80
6567,92
6568,95
6569,111
6570,123
6571,129
6572,129
6573,125
6574,122
6575,122
6576,123
6577,127
6578,155
6579,143
6580,153
6581,152
6582,152
6583,158
6584,162
6585,167
6586,165
6587,161
6588,177
6589,132
6590,109
6591,113
6592,112
6593,129
6594,139
6595,163
6596,172
6597,169
6598,195
6599,193
6600,184
6601,194
6602,190
6603,180
6604,170
6605,156
6606,157
6607,163
6608,154
6609,137
6610,148
6611,151
6612,141
6613,140
6614,131
6615,136
6616,161
6617,171
6618,194
6619,220
6620,231
6621,220
6622,92
6623,80
6624,94
6625,83
6626,80
6627,73
6628,76
6629,97
6630,92
6631,102
6632,90
6633,129
6634,129
6635,127
6636,102
6637,86
6638,62
6639,54
6640,72
6641,88
6642,108
6643,152
6644,154
6645,165
6646,183
6647,51
6648,15
6649,18
6650,22
6651,18
6652,16
6653,22
6654,19
6655,23
6656,20
6657,24
6658,27
6659,25
6660,30
6661,34
6662,41
6663,43
6664,48
6665,45
6666,46
6667,40
6668,40
6669,30
6670,17
6671,22
6672,16
6673,18
6674,31
6675,62
6676,74
6677,66
6678,67
6679,58
6680,56
6681,52
6682,52
6683,55
6684,55
6685,45
6686,60
6687,59
6688,58
6689,65
6690,74
6691,99
6692,87
6693,104
6694,110
6695,103
6696,90
6697,92
6698,89
6699,91
6700,93
6701,98
6702,93
6703,78
6704,67
6705,50
6706,55
6707,57
6708,49
6709,46
6710,52
6711,50
6712,52
6713,67
6714,67
6715,71
6716,66
6717,45
6718,42
6719,47
6720,44
6721,47
6722,45
6723,41
6724,45
6725,39
6726,41
6727,39
6728,40
6729,47
6730,42
6731,45
6732,36
6733,39
6734,42
6735,48
6736,46
6737,46
6738,48
6739,51
6740,50
6741,30
6742,2
6743,5
6744,3
6745,3
6746,7
6747,6
6748,8
6749,4
6750,9
6751,9
6752,12
6753,10
6754,8
6755,12
6756,11
6757,9
6758,8
6759,8
6760,6
6761,11
6762,11
6763,27
6764,27
6765,41
6766,41
6767,35
6768,32
6769,34
6770,48
6771,41
6772,32
6773,33
6774,33
6775,31
6776,18
6777,23
6778,29
6779,36
6780,54
6781,29
6782,32
6783,15
6784,18
6785,25
6786,35
6787,38
6788,45
6789,48
6790,50
6791,59
6792,64
6793,74
6794,61
6795,72
6796,70
6797,62
6798,49
6799,41
6800,46
6801,53
6802,65
6803,85
6804,94
6805,105
6806,103
6807,110
6808,109
6809,121
6810,126
6811,137
6812,149
6813,173
6814,159
6815,143
6816,141
6817,131
6818,131
6819,119
6820,129
6821,129
6822,134
6823,129
6824,131
6825,111
6826,153
6827,162
6828,142
6829,149
6830,144
6831,129
6832,93
6833,90
6834,85
6835,69
6836,55
6837,51
6838,45
6839,52
6840,47
6841,45
6842,41
6843,46
6844,50
6845,53
6846,61
6847,66
6848,68
6849,69
6850,111
6851,88
6852,102
6853,93
6854,82
6855,84
6856,79
6857,84
6858,91
6859,101
6860,105
6861,114
6862,120
6863,118
6864,126
6865,125
6866,112
6867,121
6868,115
6869,118
6870,118
6871,119
6872,122
6873,132
6874,141
6875,143
6876,153
6877,154
6878,158
6879,166
6880,176
6881,195
6882,217
6883,240
6884,250
6885,264
6886,281
6887,286
6888,289
6889,282
6890,272
6891,240
6892,247
6893,233
6894,221
6895,212
6896,227
6897,228
6898,231
6899,232
6900,258
6901,267
6902,286
6903,188
6904,174
6905,186
6906,237
6907,233
6908,204
6909,218
6910,222
6911,216
6912,233
6913,254
6914,227
6915,238
6916,250
6917,242
6918,206
6919,161
6922,161
6923,161
6924,165
6925,162
6926,167
6927,168
6929,193
6930,188
6931,180
6932,174
6933,193
6934,194
6935,189
6936,134
6937,120
6938,126
6939,125
6940,140
6941,132
6942,123
6943,116
6944,99
6945,106
6946,122
6947,124
6948,118
6949,94
6950,82
6951,79
6952,70
6953,81
6954,89
6955,100
6956,112
6957,116
6958,138
6959,140
6960,128
6961,134
6962,119
6963,114
6964,94
6965,87
6966,93
6967,80
6968,74
6969,29
6970,25
6971,24
6972,22
6973,28
6974,19
6975,41
6976,39
6977,39
6978,41
6979,62
6980,73
6981,96
6982,104
6983,104
6984,94
6985,91
6986,68
6987,44
6988,48
6989,45
6990,48
6991,58
6992,71
6993,86
6994,116
6995,134
6996,122
6997,122
6998,133
6999,131
7000,140
7001,144
7002,149
7003,165
7004,163
7005,168
7006,160
7007,148
7008,153
7009,145
7010,148
7011,143
7012,150
7013,166
7014,160
7015,183
7016,197
7017,213
7019,202
7020,236
7021,288
7025,262
7026,258
7027,256
7028,253
7029,252
7030,283
7031,262
7032,259
7033,273
7034,280
7035,246
7036,239
7037,69
7038,47
7039,38
7040,30
7041,36
7042,33
7043,35
7044,37
7045,37
7046,39
7047,37
7048,43
7049,44
7050,48
7051,48
7052,51
7053,47
7054,43
7055,39
7056,39
7057,38
7058,38
7059,44
7060,47
7061,50
7062,44
7063,43
7064,45
7065,51
7066,56
7067,62
7068,64
7069,66
7070,60
7071,57
7072,53
7073,44
7074,41
7075,36
7076,33
7077,35
7078,28
7079,26
7080,27
7081,35
7082,23
7083,10
7084,11
7085,18
7086,12
7087,6
7088,4
7089,5
7090,5
7091,4
7092,7
7093,6
7094,10
7095,8
7096,5
7097,10
7098,13
7099,11
7100,20
7101,22
7102,27
7103,26
7104,27
7105,31
7106,30
7107,37
7108,19
7109,17
7110,23
7111,24
7112,23
7113,17
7114,19
7115,20
7116,21
7117,26
7118,30
7119,27
7120,29
7121,31
7122,36
7123,29
7124,31
7125,42
7126,41
7127,46
7128,56
7129,64
7130,69
7131,68
7132,59
7133,48
7134,31
7135,31
7136,38
7137,46
7138,48
7139,60
7140,83
7141,102
7142,93
7143,76
7144,102
7145,80
7146,80
7147,86
7148,108
7149,117
7150,115
7151,110
7152,93
7153,97
7154,95
7155,90
7156,95
7157,87
7158,83
7159,92
7160,102
7161,98
7162,111
7163,100
7164,110
7165,131
7166,128
7167,99
7168,104
7169,101
7170,117
7171,134
7172,143
7173,141
7174,143
7175,141
7176,155
7177,148
7178,131
7179,119
7180,76
7181,34
7182,13
7183,7
7184,8
7185,10
7186,7
7187,7
7188,6
7189,17
7190,34
7191,22
7192,24
7193,26
7194,20
7195,23
7196,25
7197,28
7198,26
7199,31
7200,17
7201,18
7202,17
7203,18
7204,18
7205,17
7206,30
7207,38
7208,35
7209,46
7210,53
7211,65
7212,59
7213,59
7214,57
7215,39
7216,38
7217,33
7218,31
7219,32
7220,23
7221,17
7222,15
7223,12
7224,17
7225,16
7226,16
7227,13
7228,14
7229,14
7230,9
7231,11
7232,11
7233,10
7234,7
7235,4
7236,5
7237,6
7238,6
7239,3
7240,6
7241,6
7242,8
7243,9
7244,16
7245,17
7246,14
7247,13
7248,15
7249,11
7250,21
7251,27
7252,21
7253,28
7254,31
7255,31
7256,17
7257,17
7258,19
7259,16
7260,21
7261,20
7262,20
7263,24
7264,21
7265,29
7266,38
7267,39
7268,42
7269,41
7270,43
7271,47
7272,43
7273,47
7274,53
7275,77
7276,86
7277,85
7278,83
7279,92
7280,97
7281,104
7282,102
7283,101
7284,108
7285,94
7286,35
7287,7
7288,7
7289,6
7290,5
7291,4
7292,3
7293,2
7294,3
7295,9
7296,7
7297,2
7298,0
7299,2
7300,6
7301,5
7302,6
7303,9
7304,7
7305,4
7306,4
7307,8
7308,7
7309,6
7310,6
7311,12
7312,15
7313,14
7314,16
7315,17
7316,17
7317,19
7318,17
7319,7
7320,8
7321,16
7322,18
7323,16
7324,19
7325,29
7326,29
7327,36
7328,23
7329,26
7330,34
7331,48
7332,59
7333,60
7334,59
7335,64
7336,57
7337,64
7338,61
7339,63
7340,70
7341,75
7342,81
7343,86
7344,91
7345,121
7346,127
7347,125
7348,122
7349,119
7350,102
7351,102
7352,89
7353,77
7354,86
7355,93
7356,120
7357,108
7358,116
7359,113
7360,113
7361,123
7362,138
7363,157
7364,167
7365,170
7366,164
7367,159
7368,153
7369,187
7370,191
7371,184
7372,188
7373,165
7374,132
7375,131
7376,119
7377,123
7378,139
7379,161
7380,177
7381,209
7382,274
7383,230
7384,258
7385,272
7386,275
7387,293
7388,278
7389,289
7390,266
7391,280
7392,260
7393,249
7394,241
7395,240
7396,237
7397,232
7398,220
7399,212
7400,220
7401,254
7402,262
7403,270
7404,296
7405,316
7406,277
7407,240
7408,241
7409,230
7410,216
7411,216
7412,237
7413,255
7414,259
7415,248
7416,227
7417,210
7418,190
7419,166
7420,164
7421,149
7422,134
7423,140
7424,150
7425,207
7426,197
7427,136
7428,187
7429,191
7430,203
7431,209
7432,203
7433,207
7434,213
7435,148
7436,124
7437,127
7438,124
7439,116
7440,120
7441,100
7442,90
7443,71
7444,70
7445,57
7446,52
7447,51
7448,50
7449,48
7450,57
7451,49
7452,44
7453,37
7454,50
7455,48
7456,42
7457,51
7458,71
7459,63
7460,64
7461,81
7462,100
7463,105
7464,88
7465,100
7466,89
7467,80
7468,75
7469,73
7470,79
7471,82
7472,72
7473,43
7474,10
7475,9
7476,7
7477,7
7478,6
7479,6
7480,4
7481,5
7482,13
7483,14
7484,12
7485,13
7486,11
7487,8
7488,12
7489,22
7490,24
7491,20
7492,27
7493,18
7494,18
7495,26
7496,27
7497,22
7498,18
7499,27
7500,36
7501,31
7502,36
7503,43
7504,57
7505,72
7506,64
7507,82
7508,86
7509,102
7510,105
7511,113
7512,112
7513,110
7514,138
7515,167
7516,170
7517,161
7518,168
7519,164
7520,159
7521,169
7522,186
7523,193
7524,194
7525,188
7526,189
7527,198
7528,199
7529,206
7530,212
7531,213
7532,222
7533,229
7534,240
7535,244
7536,245
7537,241
7538,232
7539,158
7540,131
7541,124
7542,126
7543,122
7544,133
7545,132
7546,203
7547,195
7548,174
7549,184
7550,185
7551,145
7552,46
7553,57
7554,186
7555,113
7556,18
7557,11
7558,15
7559,20
7560,19
7561,32
7562,39
7563,38
7564,56
7565,151
7566,154
7567,154
7568,139
7569,132
7570,107
7571,118
7572,114
7573,90
7574,65
7575,59
7576,55
7577,60
7578,61
7579,76
7580,70
7581,65
7582,75
7583,73
7584,78
7585,82
7586,83
7587,74
7588,62
7589,53
7590,51
7591,46
7592,50
7593,52
7594,61
7595,69
7596,81
7597,80
7598,71
7599,84
7600,90
7601,101
7602,113
7603,75
7604,84
7605,53
7606,42
7607,43
7608,46
7609,45
7610,47
7611,48
7612,58
7613,60
7614,61
7615,60
7616,63
7617,74
7618,80
7619,97
7620,99
7621,115
7622,117
7623,132
7624,136
7625,141
7626,156
7627,167
7628,174
7629,190
7630,190
7631,191
7632,169
7633,170
7634,131
7635,132
7636,92
7637,20
7639,12
7640,17
7641,11
7642,8
7643,7
7644,7
7645,9
7646,8
7647,10
7649,8
7650,17
7651,15
7652,16
7653,17
7654,5
7655,13
7656,11
7657,12
7658,18
7659,5
7660,9
7661,13
7662,13
7663,16
7664,24
7665,31
7666,46
7667,26
7668,36
7669,46
7670,41
7671,49
7672,55
7673,67
7674,83
7675,108
7676,124
7677,170
7678,197
7679,183
7680,157
7681,134
7682,110
7683,90
7684,85
7685,79
7686,78
7687,101
7688,75
7689,78
7690,81
7691,83
7692,91
7693,81
7694,76
7695,83
7696,92
7697,101
7698,112
7699,142
7700,157
7701,209
7702,185
7703,215
7704,219
7705,213
7706,194
7707,173
7708,79
7709,75
7710,66
7711,59
7712,65
7713,71
7714,79
7715,78
7716,78
7717,81
7718,87
7719,94
7720,110
7721,114
7722,123
7723,138
7724,142
7725,145
7726,161
7727,185
7728,180
7729,183
7730,170
7731,173
7732,172
7733,175
7734,164
7735,171
7736,177
7737,178
7738,182
7739,211
7740,225
7741,233
7742,224
7743,216
7744,227
7745,222
7746,228
7747,241
7748,204
7749,171
7750,164
7751,191
7752,214
7753,224
7754,217
7755,203
7756,195
7757,190
7758,128
7759,58
7760,38
7761,32
7762,33
7763,55
7764,38
7765,33
7766,23
7767,27
7768,66
7769,198
7770,229
7771,195
7772,120
7773,110
7774,102
7775,104
7776,96
7777,72
7778,62
7779,57
7780,54
7781,44
7782,50
7783,47
7784,51
7785,56
7786,65
7787,73
7788,73
7789,73
7790,80
7791,81
7792,48
7793,35
7794,29
7795,24
7796,15
7797,10
7798,16
7799,10
7800,15
7801,11
7802,8
7803,11
7804,12
7805,10
7806,8
7807,7
7808,12
7809,12
7810,13
7811,10
7812,11
7813,15
7814,13
7815,16
7816,9
7817,12
7818,17
7819,14
7820,9
7821,5
7822,4
7823,7
7824,6
7825,8
7826,5
7827,5
7828,6
7829,11
7830,7
7831,7
7832,7
7834,5
7835,9
7836,12
7837,9
7838,7
7839,8
7840,8
7841,9
7842,10
7843,14
7844,13
7845,11
7846,10
7847,9
7848,10
7849,10
7850,11
7851,7
7852,7
7853,10
7854,10
7855,12
7856,16
7857,35
7858,46
7859,33
7860,29
7861,35
7862,14
7863,9
7864,9
7865,6
7866,4
7867,4
7868,6
7869,7
7870,8
7871,16
7872,13
7873,15
7874,23
7875,17
7876,13
7877,14
7878,20
7879,30
7880,45
7881,49
7882,58
7883,83
7884,82
7885,73
7886,84
7887,90
7888,96
7889,115
7890,146
7891,173
7892,173
7893,173
7894,200
7895,226
7896,222
7897,207
7898,185
7899,126
7900,120
7901,101
7902,91
7903,96
7904,83
7905,92
7906,96
7907,95
7908,105
7909,107
7910,111
7911,136
7912,185
7913,232
7914,281
7915,278
7916,300
7917,289
7918,378
7919,317
7920,340
7921,332
7922,311
7923,340
7924,349
7925,347
7926,286
7927,354
7928,361
7929,334
7930,307
7931,173
7932,134
7933,224
7934,224
7935,169
7936,184
7937,240
7938,284
7939,262
7940,276
7941,287
7942,330
7943,322
7944,325
7945,324
7946,311
7947,294
7948,257
7949,233
7950,84
7951,35
7952,13
7953,14
7954,12
7955,10
7956,11
7957,11
7958,13
7959,8
7960,6
7961,9
7962,16
7963,25
7964,17
7965,24
7966,24
7967,25
7968,37
7969,36
7970,43
7971,67
7972,55
7973,60
7974,65
7975,55
7976,55
7977,54
7978,40
7979,63
7980,68
7981,76
7982,85
7983,101
7984,110
7985,116
7986,121
7987,101
7988,99
7989,110
7990,109
7991,125
7992,134
7993,81
7994,69
7995,91
7996,86
7997,70
7998,56
7999,67
8000,58
8001,78
8002,142
8003,171
8004,150
8005,112
8006,91
8007,106
8008,105
8009,94
8010,86
8011,116
8012,139
8013,86
8014,66
8015,76
8016,76
8017,86
8018,88
8019,83
8020,85
8021,118
8022,129
8023,128
8024,131
8025,151
8026,161
8027,185
8028,208
8029,132
8030,112
8031,69
8032,13
8033,9
8034,5
8035,7
8036,9
8037,8
8038,7
8039,9
8040,7
8041,9
8042,9
8043,10
8044,6
8045,3
8046,8
8047,9
8048,9
8049,10
8050,9
8051,7
8052,15
8053,10
8054,9
8055,8
8056,11
8057,19
8058,71
8059,83
8060,113
8061,115
8062,121
8063,133
8064,141
8065,136
8066,101
8067,58
8068,59
8069,78
8070,43
8071,39
8072,32
8073,34
8074,40
8075,44
8076,49
8077,58
8078,62
8079,82
8080,114
8081,171
8082,169
8083,196
8084,221
8085,221
8086,197
8087,164
8088,188
8089,206
8090,198
8091,163
8092,102
8093,79
8094,78
8095,66
8096,76
8097,82
8098,93
8099,178
8100,198
8101,230
8102,265
8103,293
8104,358
8105,386
8106,407
8107,467
8108,511
8109,518
8110,533
8111,543
8112,524
8113,505
8114,494
8115,474
8116,392
8117,326
8118,367
8119,349
8120,266
8121,231
8122,212
8123,184
8124,165
8125,142
8126,117
8127,118
8128,92
8129,139
8130,233
8131,269
8132,266
8133,231
8134,229
8135,231
8136,94
8137,73
8138,72
8139,77
8140,78
8141,64
8142,69
8143,60
8144,30
8145,15
8146,12
8147,11
8148,9
8149,9
8150,5
8151,4
8152,3
8153,5
8154,6
8155,14
8156,17
8157,28
8158,27
8159,32
8160,33
8161,33
8162,44
8163,33
8164,30
8165,54
8166,84
8167,91
8168,89
8169,102
8170,86
8171,82
8172,88
8173,110
8174,139
8175,119
8176,108
8177,110
8178,133
8179,185
8180,191
8181,177
8182,177
8183,168
8184,178
8185,171
8186,173
8187,132
8188,118
8189,102
8190,80
8191,82
8192,90
8193,139
8194,164
8195,132
8196,133
8197,104
8198,95
8199,158
8200,188
8201,168
8202,169
8203,178
8204,171
8205,157
8206,185
8207,203
8208,208
8209,212
8210,218
8211,216
8212,220
8213,214
8214,202
8215,195
8216,196
8217,145
8218,19
8219,9
8220,7
8221,9
8222,9
8223,9
8224,5
8225,4
8226,12
8227,16
8228,9
8229,8
8230,7
8231,5
8232,4
8233,6
8234,10
8235,7
8236,6
8237,13
8238,9
8239,10
8240,13
8241,16
8242,14
8243,16
8244,6
8245,14
8246,11
8247,20
8248,37
8249,40
8250,43
8251,56
8252,60
8253,57
8254,65
8255,63
8256,72
8257,97
8258,75
8259,49
8260,32
8261,23
8262,19
8263,22
8264,27
8265,29
8266,31
8267,33
8268,39
8269,37
8270,32
8271,39
8272,37
8273,48
8274,54
8275,61
8276,72
8277,85
8278,89
8279,115
8280,132
8281,158
8282,191
8283,206
8284,218
8285,228
8286,206
8287,200
8288,205
8289,198
8290,209
8291,232
8292,223
8293,247
8294,243
8295,167
8296,184
8297,238
8298,227
8299,219
8300,243
8301,265
8302,256
8303,274
8304,252
8305,252
8306,224
8307,215
8308,214
8309,221
8310,224
8311,228
8312,231
8313,233
8314,234
8315,231
8316,221
8317,195
8318,168
8319,177
8320,216
8321,231
8322,228
8323,213
8324,198
8325,209
8326,220
8327,196
8328,207
8329,184
8330,200
8331,75
8332,13
8333,8
8334,5
8335,7
8336,10
8337,8
8338,6
8339,7
8340,18
8341,13
8342,17
8343,23
8344,25
8345,15
8346,20
8347,17
8348,19
8349,27
8350,7
8351,7
8352,7
8353,6
8354,6
8355,6
8356,3
8357,3
8358,7
8359,14
8360,14
8361,15
8362,15
8363,14
8364,17
8365,13
8366,17
8367,24
8368,38
8369,57
8370,52
8371,54
8372,66
8373,73
8374,82
8375,86
8376,80
8377,89
8378,74
8379,77
8380,55
8381,26
8382,10
8383,8
8384,5
8385,10
8386,8
8387,11
8388,8
8389,11
8391,48
8392,10
8393,11
8394,21
8395,28
8396,33
8397,37
8398,24
8399,41
8400,54
8401,148
8402,192
8403,79
8404,44
8405,34
8406,32
8407,30
8408,29
8409,35
8410,53
8411,56
8412,78
8413,101
8414,194
8415,194
8416,196
8417,207
8418,211
8419,230
8420,264
8421,178
8422,174
8423,169
8424,217
8425,246
8426,246
8427,148
8428,139
8429,152
8430,113
8431,102
8432,82
8433,96
8434,101
8435,148
8436,216
8437,229
8438,261
8439,275
8440,308
8441,319
8442,341
8443,378
8444,381
8445,392
8446,370
8447,372
8448,353
8449,388
8450,349
8451,338
8452,280
8453,257
8454,224
8455,201
8456,185
8457,183
8458,192
8459,212
8460,181
8461,172
8462,173
8463,184
8464,184
8465,191
8466,231
8468,238
8469,228
8470,233
8471,245
8472,264
8473,289
8474,308
8475,310
8476,298
8477,269
8478,173
8479,166
8480,140
8481,166
8482,200
8483,126
8484,138
8485,152
8486,147
8487,176
8488,205
8489,218
8490,214
8491,246
8492,270
8493,275
8494,302
8495,444
8496,490
8497,468
8498,431
8499,348
8500,314
8501,337
8502,335
8503,273
8504,267
8505,268
8506,320
8507,361
8508,345
8509,427
8510,423
8511,396
8512,395
8513,386
8514,372
8515,365
8516,361
8517,351
8518,348
8519,374
8520,362
8521,337
8522,330
8523,335
8524,339
8525,348
8526,336
8527,347
8528,349
8529,345
8530,356
8531,371
8532,396
8533,397
8534,379
8535,378
8536,397
8537,403
8538,422
8539,450
8540,460
8541,437
8542,437
8543,449
8544,443
8545,425
8546,447
8547,238
8548,21
8549,10
8550,14
8551,17
8552,15
8553,17
8554,13
8555,22
8556,17
8557,19
8558,19
8559,12
8560,15
8561,9
8562,14
8563,14
8564,9
8565,10
8566,7
8567,12
8568,24
8569,22
8570,19
8571,17
8572,20
8573,16
8574,17
8575,17
8576,20
8577,19
8578,14
8579,12
8580,16
8581,15
8582,14
8583,18
8584,21
8585,31
8586,51
8587,75
8588,83
8589,87
8590,83
8591,74
8592,66
8593,74
8594,67
8595,98
8596,106
8597,148
8598,166
8599,155
8600,147
8601,133
8602,129
8603,156
8604,167
8605,168
8606,152
8607,170
8608,159
8609,135
8610,125
8611,130
8612,139
8613,167
8614,188
8615,191
8616,186
8617,188
8618,193
8619,177
8620,164
8621,157
8622,138
8623,123
8624,121
8625,120
8626,121
8627,121
8628,126
8629,125
8630,136
8631,145
8632,152
8633,161
8634,189
8635,205
8636,207
8637,195
8638,190
8639,170
8640,151
8641,148
8642,165
8643,174
8644,157
8645,116
8646,65
8647,62
8648,51
8649,31
8650,26
8651,21
8652,12
8653,10
8654,12
8655,14
8656,14
8657,15
8658,15
8659,15
8660,15
8661,16
8662,17
8663,14
8664,20
8665,17
8666,18
8667,14
8668,19
8669,15
8670,20
8671,29
8672,19
8673,22
8674,20
8675,15
8676,17
8677,16
8678,12
8679,12
8680,18
8681,17
8682,55
8683,73
8684,146
8685,121
8686,122
8687,143
8688,144
8689,153
8690,159
8691,176
8692,174
8693,183
8694,158
8695,139
8696,142
8697,79
8698,36
8699,12
8700,11
8701,12
8702,12
8703,10
8704,17
8705,14
8706,10
8707,16
8708,15
8709,10
8710,8
8711,6
8712,5
8713,10
8714,10
8715,9
8716,11
8717,9
8718,11
8719,7
8720,12
8721,13
8722,14
8723,16
8724,33
8725,47
8726,57
8727,62
8728,62
8729,58
8730,60
8731,93
8732,164
8733,211
8734,278
8735,433
8736,477
8737,455
8738,437
8739,324
8740,270
8741,231
8742,241
8743,274
8744,193
8745,135
8746,104
8747,132
8748,109
8749,112
8750,119
8751,148
8752,183
8753,288
8754,382
8755,369
8756,370
8757,366
8758,361
8759,362
8760,406
8761,426
8762,409
8763,412
8764,406
8765,395
8766,335
8767,256
8768,198
8769,227
8770,172
8771,143
8772,185
8773,185
8774,213
8775,365
8776,444
8777,464
8778,443
8779,409
8780,432
8781,482
8782,488
8783,507
8784,
