No,year,month,day,hour,pm2.5,DEWP,TEMP,PRES,cbwd,Iws,Is,Ir
1,2014,1,1,0,24,-20,7,1014,NW,143.48,0,0
2,2014,1,1,1,53,-20,7,1013,NW,147.5,0,0
3,2014,1,1,2,65,-20,6,1013,NW,151.52,0,0
4,2014,1,1,3,70,-20,6,1013,NW,153.31,0,0
5,2014,1,1,4,79,-18,3,1012,cv,0.89,0,0
6,2014,1,1,5,92,-18,4,1012,NW,4.02,0,0
7,2014,1,1,6,106,-19,6,1012,NW,8.94,0,0
8,2014,1,1,7,75,-19,6,1013,NW,16.09,0,0
9,2014,1,1,8,58,-18,6,1013,NW,21.9,0,0
10,2014,1,1,9,33,-18,7,1014,NW,26.82,0,0
11,2014,1,1,10,51,-18,8,1015,NW,31.74,0,0
12,2014,1,1,11,32,-18,9,1015,NW,39.79,0,0
13,2014,1,1,12,23,-17,10,1015,NW,48.73,0,0
14,2014,1,1,13,28,-18,11,1014,NW,55.88,0,0
15,2014,1,1,14,23,-17,11,1014,NW,63.93,0,0
16,2014,1,1,15,24,-17,11,1014,NW,71.08,0,0
17,2014,1,1,16,26,-17,11,1014,NW,76.89,0,0
18,2014,1,1,17,26,-16,10,1015,NW,81.81,0,0
19,2014,1,1,18,27,-16,9,1015,NW,84.94,0,0
20,2014,1,1,19,43,-16,9,1016,SE,1.79,0,0
21,2014,1,1,20,62,-14,3,1017,SE,2.68,0,0
22,2014,1,1,21,70,-14,0,1017,NE,1.79,0,0
23,2014,1,1,22,81,-12,-1,1018,SE,0.89,0,0
24,2014,1,1,23,111,-12,0,1019,NW,1.79,0,0
25,2014,1,2,0,144,-13,-2,1019,NE,0.89,0,0
26,2014,1,2,1,170,-12,-4,1019,cv,0.89,0,0
27,2014,1,2,2,174,-12,-4,1019,cv,1.34,0,0
28,2014,1,2,3,174,-12,-4,1019,NW,0.89,0,0
29,2014,1,2,4,172,-12,-5,1020,cv,0.89,0,0
30,2014,1,2,5,149,-10,-2,1020,SE,1.79,0,0
31,2014,1,2,6,166,-7,-2,1020,SE,3.58,0,0
32,2014,1,2,7,187,-9,-5,1020,NE,0.89,0,0
33,2014,1,2,8,107,-9,-5,1021,NW,3.13,0,0
34,2014,1,2,9,114,-7,-2,1021,NW,4.92,0,0
35,2014,1,2,10,108,-7,2,1021,NW,6.71,0,0
36,2014,1,2,11,102,-8,4,1020,cv,0.89,0,0
37,2014,1,2,12,95,-8,5,1019,cv,1.78,0,0
38,2014,1,2,13,127,-9,7,1017,cv,2.67,0,0
39,2014,1,2,14,125,-9,7,1016,cv,4.46,0,0
40,2014,1,2,15,128,-10,7,1016,cv,5.35,0,0
41,2014,1,2,16,146,-10,6,1016,cv,5.8,0,0
42,2014,1,2,17,165,-9,4,1016,cv,6.69,0,0
43,2014,1,2,18,173,-8,3,1016,cv,7.58,0,0
44,2014,1,2,19,195,-9,1,1016,cv,8.47,0,0
45,2014,1,2,20,239,-8,0,1017,cv,9.36,0,0
46,2014,1,2,21,232,-8,0,1017,SE,0.89,0,0
47,2014,1,2,22,242,-8,-1,1017,NE,1.79,0,0
48,2014,1,2,23,269,-7,-1,1018,NW,4.02,0,0
49,2014,1,3,0,264,-9,0,1018,NW,7.15,0,0
50,2014,1,3,1,220,-9,1,1018,cv,0.45,0,0
51,2014,1,3,2,146,-9,0,1019,NW,4.02,0,0
52,2014,1,3,3,34,-9,1,1019,cv,0.89,0,0
53,2014,1,3,4,34,-9,-2,1020,NW,3.13,0,0
54,2014,1,3,5,35,-9,-1,1020,NW,7.15,0,0
55,2014,1,3,6,45,-13,0,1020,cv,0.89,0,0
56,2014,1,3,7,43,-13,-1,1022,NW,3.13,0,0
57,2014,1,3,8,43,-12,-1,1023,NW,7.15,0,0
58,2014,1,3,9,36,-13,4,1024,NW,11.17,0,0
59,2014,1,3,10,36,-16,7,1025,NW,14.3,0,0
60,2014,1,3,11,23,-16,8,1024,NW,17.43,0,0
61,2014,1,3,12,25,-16,8,1023,NW,20.56,0,0
62,2014,1,3,13,29,-17,9,1022,NW,22.35,0,0
63,2014,1,3,14,26,-18,9,1022,NE,1.79,0,0
64,2014,1,3,15,21,-17,8,1022,NE,3.58,0,0
65,2014,1,3,16,25,-17,7,1022,SE,1.79,0,0
66,2014,1,3,17,31,-17,5,1023,SE,3.58,0,0
67,2014,1,3,18,43,-17,3,1023,cv,0.45,0,0
68,2014,1,3,19,46,-17,3,1024,cv,1.34,0,0
69,2014,1,3,20,50,-16,1,1024,cv,2.23,0,0
70,2014,1,3,21,68,-13,-1,1024,cv,2.68,0,0
71,2014,1,3,22,60,-11,-1,1025,SE,1.79,0,0
72,2014,1,3,23,103,-8,-1,1025,SE,4.92,0,0
73,2014,1,4,0,85,-6,-1,1026,SE,6.71,0,0
74,2014,1,4,1,86,-6,-2,1025,SE,8.5,0,0
75,2014,1,4,2,89,-7,-2,1025,cv,0.89,0,0
76,2014,1,4,3,77,-7,-2,1025,SE,1.79,0,0
77,2014,1,4,4,77,-9,-5,1025,cv,0.45,0,0
78,2014,1,4,5,75,-9,-5,1025,cv,1.34,0,0
79,2014,1,4,6,80,-9,-6,1025,cv,1.79,0,0
80,2014,1,4,7,86,-7,-4,1025,SE,0.89,0,0
81,2014,1,4,8,95,-7,-3,1025,cv,0.89,0,0
82,2014,1,4,9,101,-6,-2,1025,SE,0.89,0,0
83,2014,1,4,10,132,-6,-1,1025,SE,1.78,0,0
84,2014,1,4,11,153,-5,-1,1024,SE,3.57,0,0
85,2014,1,4,12,173,-6,0,1023,NE,1.79,0,0
86,2014,1,4,13,178,-7,1,1021,cv,0.89,0,0
87,2014,1,4,14,176,-7,2,1020,SE,1.79,0,0
88,2014,1,4,15,209,-7,2,1020,cv,0.89,0,0
89,2014,1,4,16,219,-7,2,1020,NW,1.79,0,0
90,2014,1,4,17,224,-7,1,1020,NW,3.58,0,0
91,2014,1,4,18,212,-8,-2,1020,NW,6.71,0,0
92,2014,1,4,19,221,-8,-3,1021,NW,8.5,0,0
93,2014,1,4,20,221,-8,-4,1021,NW,10.29,0,0
94,2014,1,4,21,217,-8,-4,1021,cv,0.89,0,0
95,2014,1,4,22,203,-8,-4,1021,cv,1.78,0,0
96,2014,1,4,23,221,-9,-5,1021,NW,1.79,0,0
97,2014,1,5,0,192,-8,-4,1021,NW,3.58,0,0
98,2014,1,5,1,183,-10,-6,1022,NW,6.71,0,0
99,2014,1,5,2,175,-8,-5,1022,NW,10.73,0,0
100,2014,1,5,3,177,-9,-6,1022,NW,14.75,0,0
101,2014,1,5,4,183,-10,-7,1023,NW,17.88,0,0
102,2014,1,5,5,155,-10,-7,1023,NW,22.8,0,0
103,2014,1,5,6,151,-9,-6,1023,NW,26.82,0,0
104,2014,1,5,7,137,-10,-7,1024,NW,29.95,0,0
105,2014,1,5,8,109,-8,-4,1024,NW,34.87,0,0
106,2014,1,5,9,140,-8,-2,1025,NW,39.79,0,0
107,2014,1,5,10,117,-8,1,1026,NW,42.92,0,0
108,2014,1,5,11,128,-12,5,1026,NW,46.05,0,0
109,2014,1,5,12,54,-14,5,1025,NE,3.13,0,0
110,2014,1,5,13,34,-14,5,1024,NE,6.26,0,0
111,2014,1,5,14,32,-15,6,1024,NE,9.39,0,0
112,2014,1,5,15,28,-15,6,1024,NE,12.52,0,0
113,2014,1,5,16,29,-15,6,1024,SE,3.13,0,0
114,2014,1,5,17,37,-15,3,1024,SE,4.92,0,0
115,2014,1,5,18,46,-15,1,1025,SE,6.71,0,0
116,2014,1,5,19,54,-12,-1,1025,cv,0.89,0,0
117,2014,1,5,20,53,-12,-2,1026,cv,1.78,0,0
118,2014,1,5,21,47,-12,0,1026,SE,4.02,0,0
119,2014,1,5,22,112,-9,-1,1027,SE,7.15,0,0
120,2014,1,5,23,125,-8,-2,1028,SE,8.94,0,0
121,2014,1,6,0,128,-7,-3,1028,cv,0.89,0,0
122,2014,1,6,1,126,-5,-2,1028,cv,1.78,0,0
123,2014,1,6,2,153,-5,-1,1028,cv,2.67,0,0
124,2014,1,6,3,157,-5,-1,1028,cv,3.12,1,0
125,2014,1,6,4,144,-5,-1,1027,SE,0.89,2,0
126,2014,1,6,5,138,-5,-1,1027,cv,0.89,3,0
127,2014,1,6,6,128,-5,-1,1027,SE,1.79,0,0
128,2014,1,6,7,126,-5,-1,1027,SE,3.58,0,0
129,2014,1,6,8,126,-5,-1,1027,SE,5.37,0,0
130,2014,1,6,9,159,-6,-1,1028,SE,8.5,1,0
131,2014,1,6,10,149,-5,-1,1028,SE,11.63,2,0
132,2014,1,6,11,123,-4,0,1027,SE,15.65,0,0
133,2014,1,6,12,150,-4,0,1026,SE,18.78,0,0
134,2014,1,6,13,146,-5,0,1025,SE,22.8,0,0
135,2014,1,6,14,145,-5,0,1024,SE,25.93,0,0
136,2014,1,6,15,160,-5,0,1024,SE,27.72,0,0
137,2014,1,6,16,148,-5,0,1024,SE,29.51,0,0
138,2014,1,6,17,156,-5,0,1024,SE,30.4,0,0
139,2014,1,6,18,158,-7,-2,1024,SE,31.29,0,0
140,2014,1,6,19,167,-6,-2,1024,NE,0.89,0,0
141,2014,1,6,20,171,-5,-1,1025,SE,0.89,0,0
142,2014,1,6,21,177,-6,-1,1025,SE,1.78,0,0
143,2014,1,6,22,185,-6,-1,1025,NE,0.89,0,0
144,2014,1,6,23,201,-6,-1,1024,cv,0.89,0,0
145,2014,1,7,0,217,-6,-1,1024,cv,1.34,0,0
146,2014,1,7,1,208,-6,-2,1024,NE,0.89,0,0
147,2014,1,7,2,204,-7,-4,1024,cv,0.89,0,0
148,2014,1,7,3,213,-7,-4,1025,NW,0.89,0,0
149,2014,1,7,4,256,-6,-3,1025,NW,2.68,0,0
150,2014,1,7,5,211,-6,-3,1024,NW,5.81,0,0
151,2014,1,7,6,203,-8,-5,1024,NW,8.94,0,0
152,2014,1,7,7,212,-7,-5,1025,NW,12.07,0,0
153,2014,1,7,8,205,-6,-3,1026,NW,16.09,0,0
154,2014,1,7,9,196,-7,-1,1027,NW,20.11,0,0
155,2014,1,7,10,182,-8,1,1028,NW,24.13,0,0
156,2014,1,7,11,124,-11,3,1027,NE,4.02,0,0
157,2014,1,7,12,102,-14,3,1027,NE,8.94,0,0
158,2014,1,7,13,77,-14,5,1026,NE,12.96,0,0
159,2014,1,7,14,48,-16,5,1026,NE,16.98,0,0
160,2014,1,7,15,38,-16,5,1026,NW,3.13,0,0
161,2014,1,7,16,31,-16,5,1027,NE,1.79,0,0
162,2014,1,7,17,27,-16,4,1028,NW,1.79,0,0
163,2014,1,7,18,33,-16,4,1028,NW,4.92,0,0
164,2014,1,7,19,35,-16,-1,1029,NW,8.94,0,0
165,2014,1,7,20,29,-19,-1,1030,NW,12.07,0,0
166,2014,1,7,21,24,-20,0,1031,NW,16.09,0,0
167,2014,1,7,22,26,-25,0,1032,NW,20.11,0,0
168,2014,1,7,23,11,-21,-4,1032,NW,24.13,0,0
169,2014,1,8,0,14,-22,-3,1032,NW,28.15,0,0
170,2014,1,8,1,12,-21,-4,1033,NW,31.28,0,0
171,2014,1,8,2,9,-21,-4,1033,NW,34.41,0,0
172,2014,1,8,3,11,-20,-4,1033,NW,39.33,0,0
173,2014,1,8,4,15,-20,-5,1034,NW,43.35,0,0
174,2014,1,8,5,13,-20,-5,1034,NE,1.79,0,0
175,2014,1,8,6,15,-21,-6,1034,NW,1.79,0,0
176,2014,1,8,7,17,-20,-6,1034,NW,6.71,0,0
177,2014,1,8,8,19,-20,-5,1035,NE,4.02,0,0
178,2014,1,8,9,18,-21,-5,1036,NW,3.13,0,0
179,2014,1,8,10,21,-20,-2,1036,NW,7.15,0,0
180,2014,1,8,11,17,-21,-1,1035,cv,1.79,0,0
181,2014,1,8,12,22,-28,0,1034,NW,8.94,0,0
182,2014,1,8,13,23,-27,1,1033,NW,16.09,0,0
183,2014,1,8,14,16,-25,0,1032,NW,21.9,0,0
184,2014,1,8,15,22,-26,0,1032,NW,27.71,0,0
185,2014,1,8,16,18,-25,0,1032,NW,33.52,0,0
186,2014,1,8,17,17,-26,-1,1033,NW,39.33,0,0
187,2014,1,8,18,21,-26,-2,1033,NW,44.25,0,0
188,2014,1,8,19,23,-25,-2,1033,NW,49.17,0,0
189,2014,1,8,20,22,-25,-5,1034,NW,54.09,0,0
190,2014,1,8,21,21,-25,-7,1034,NW,58.11,0,0
191,2014,1,8,22,23,-23,-8,1034,NW,59.9,0,0
192,2014,1,8,23,53,-24,-7,1034,SE,1.79,0,0
193,2014,1,9,0,66,-23,-10,1034,cv,0.89,0,0
194,2014,1,9,1,52,-23,-10,1033,NW,1.79,0,0
195,2014,1,9,2,30,-23,-9,1033,NW,3.58,0,0
196,2014,1,9,3,10,-23,-11,1033,NW,6.71,0,0
197,2014,1,9,4,10,-23,-8,1033,NW,9.84,0,0
198,2014,1,9,5,13,-26,-6,1033,NW,14.76,0,0
199,2014,1,9,6,11,-25,-7,1033,NW,18.78,0,0
200,2014,1,9,7,14,-25,-9,1033,NW,20.57,0,0
201,2014,1,9,8,20,-24,-9,1034,NW,23.7,0,0
202,2014,1,9,9,22,-25,-4,1035,NW,27.72,0,0
203,2014,1,9,10,23,-26,-3,1035,NW,31.74,0,0
204,2014,1,9,11,20,-28,-2,1034,NW,37.55,0,0
205,2014,1,9,12,17,-28,0,1032,NW,42.47,0,0
206,2014,1,9,13,14,-32,0,1031,NW,48.28,0,0
207,2014,1,9,14,10,-33,1,1029,NW,54.09,0,0
208,2014,1,9,15,10,-35,1,1029,NW,61.24,0,0
209,2014,1,9,16,27,-34,1,1029,NW,67.05,0,0
210,2014,1,9,17,44,-26,0,1029,SE,4.92,0,0
211,2014,1,9,18,53,-24,-1,1029,SE,8.05,0,0
212,2014,1,9,19,59,-23,-2,1030,SE,9.84,0,0
213,2014,1,9,20,56,-22,-2,1030,SE,12.97,0,0
214,2014,1,9,21,58,-23,-2,1030,SE,14.76,0,0
215,2014,1,9,22,66,-24,-6,1031,cv,0.89,0,0
216,2014,1,9,23,73,-21,-8,1031,NE,0.89,0,0
217,2014,1,10,0,83,-20,-9,1031,cv,0.89,0,0
218,2014,1,10,1,81,-20,-9,1031,cv,1.78,0,0
219,2014,1,10,2,91,-22,-12,1031,NW,1.79,0,0
220,2014,1,10,3,104,-22,-11,1031,NW,3.58,0,0
221,2014,1,10,4,88,-22,-12,1031,NW,5.37,0,0
222,2014,1,10,5,85,-23,-13,1031,NW,7.16,0,0
223,2014,1,10,6,66,-22,-13,1031,NW,10.29,0,0
224,2014,1,10,7,47,-23,-13,1031,NW,13.42,0,0
225,2014,1,10,8,70,-22,-11,1031,cv,0.89,0,0
226,2014,1,10,9,61,-21,-8,1032,NW,1.79,0,0
227,2014,1,10,10,47,-22,-5,1032,cv,0.89,0,0
228,2014,1,10,11,61,-23,-2,1032,cv,1.78,0,0
229,2014,1,10,12,69,-25,0,1031,cv,2.67,0,0
230,2014,1,10,13,66,-27,3,1030,NW,1.79,0,0
231,2014,1,10,14,63,-28,3,1029,NW,3.58,0,0
232,2014,1,10,15,43,-27,4,1029,SE,1.79,0,0
233,2014,1,10,16,48,-29,5,1029,NW,4.92,0,0
234,2014,1,10,17,67,-26,2,1029,SE,4.02,0,0
235,2014,1,10,18,87,-26,1,1030,SE,8.04,0,0
236,2014,1,10,19,127,-25,1,1030,SE,12.06,0,0
237,2014,1,10,20,126,-20,-3,1031,cv,0.89,0,0
238,2014,1,10,21,126,-24,1,1031,cv,1.78,0,0
239,2014,1,10,22,106,-19,-5,1032,SE,1.79,0,0
240,2014,1,10,23,104,-20,-8,1032,SE,2.68,0,0
241,2014,1,11,0,118,-19,-9,1032,NE,0.89,0,0
242,2014,1,11,1,141,-19,-9,1032,NE,1.78,0,0
243,2014,1,11,2,199,-19,-9,1032,NW,1.79,0,0
244,2014,1,11,3,262,-19,-10,1032,NW,2.68,0,0
245,2014,1,11,4,234,-21,-10,1032,NW,4.47,0,0
246,2014,1,11,5,221,-19,-11,1032,cv,0.89,0,0
247,2014,1,11,6,177,-20,-12,1031,NW,0.89,0,0
248,2014,1,11,7,135,-20,-11,1031,NW,4.02,0,0
249,2014,1,11,8,108,-20,-11,1032,NE,1.79,0,0
250,2014,1,11,9,97,-18,-7,1032,cv,0.89,0,0
251,2014,1,11,10,87,-20,-3,1032,NW,1.79,0,0
252,2014,1,11,11,85,-21,-1,1031,NW,3.58,0,0
253,2014,1,11,12,81,-25,1,1030,NW,5.37,0,0
254,2014,1,11,13,82,-25,3,1029,cv,1.79,0,0
255,2014,1,11,14,81,-25,5,1028,NW,1.79,0,0
256,2014,1,11,15,111,-27,5,1027,cv,1.79,0,0
257,2014,1,11,16,143,-25,4,1027,SE,4.02,0,0
258,2014,1,11,17,153,-22,2,1027,SE,7.15,0,0
259,2014,1,11,18,189,-21,2,1028,SE,11.17,0,0
260,2014,1,11,19,244,-19,2,1029,SE,14.3,0,0
261,2014,1,11,20,273,-18,-4,1029,NW,0.89,0,0
262,2014,1,11,21,218,-19,-5,1030,NW,2.68,0,0
263,2014,1,11,22,227,-19,-1,1031,NW,6.7,0,0
264,2014,1,11,23,95,-19,-2,1032,cv,0.89,0,0
265,2014,1,12,0,20,-22,1,1032,NW,8.94,0,0
266,2014,1,12,1,NA,-21,-1,1033,NW,16.09,0,0
267,2014,1,12,2,NA,-24,-1,1034,NW,24.14,0,0
268,2014,1,12,3,NA,-22,-3,1035,NW,29.95,0,0
269,2014,1,12,4,NA,-23,-6,1035,NW,33.97,0,0
270,2014,1,12,5,NA,-22,-7,1035,NW,37.99,0,0
271,2014,1,12,6,12,-24,-6,1036,NW,39.78,0,0
272,2014,1,12,7,12,-23,-7,1037,NW,42.91,0,0
273,2014,1,12,8,17,-22,-6,1038,cv,0.89,0,0
274,2014,1,12,9,33,-22,-2,1039,NW,1.79,0,0
275,2014,1,12,10,22,-23,0,1039,NW,3.58,0,0
276,2014,1,12,11,20,-26,1,1039,NE,1.79,0,0
277,2014,1,12,12,10,-26,1,1038,cv,0.89,0,0
278,2014,1,12,13,14,-27,2,1036,NW,4.02,0,0
279,2014,1,12,14,12,-27,2,1036,NW,8.04,0,0
280,2014,1,12,15,12,-27,4,1035,NW,12.06,0,0
281,2014,1,12,16,8,-27,3,1035,NW,16.98,0,0
282,2014,1,12,17,19,-27,2,1035,cv,3.13,0,0
283,2014,1,12,18,40,-26,1,1035,SE,3.13,0,0
284,2014,1,12,19,37,-25,0,1035,SE,7.15,0,0
285,2014,1,12,20,42,-22,-2,1035,cv,0.45,0,0
286,2014,1,12,21,56,-22,-4,1035,cv,1.34,0,0
287,2014,1,12,22,62,-21,-8,1035,NW,3.13,0,0
288,2014,1,12,23,57,-22,-9,1035,NE,0.89,0,0
289,2014,1,13,0,57,-19,-9,1034,cv,0.89,0,0
290,2014,1,13,1,75,-20,-9,1034,NW,1.79,0,0
291,2014,1,13,2,96,-20,-9,1034,cv,0.89,0,0
292,2014,1,13,3,110,-18,-9,1034,NW,1.79,0,0
293,2014,1,13,4,97,-20,-11,1033,NW,3.58,0,0
294,2014,1,13,5,105,-20,-11,1033,NW,5.37,0,0
295,2014,1,13,6,84,-19,-12,1033,NE,0.89,0,0
296,2014,1,13,7,106,-19,-11,1033,NW,1.79,0,0
297,2014,1,13,8,112,-19,-11,1033,NE,0.89,0,0
298,2014,1,13,9,120,-17,-8,1034,NE,2.68,0,0
299,2014,1,13,10,117,-18,-4,1033,cv,0.89,0,0
300,2014,1,13,11,118,-18,-1,1033,cv,1.78,0,0
301,2014,1,13,12,106,-19,0,1031,cv,2.67,0,0
302,2014,1,13,13,96,-23,1,1030,cv,3.56,0,0
303,2014,1,13,14,82,-22,2,1029,cv,4.45,0,0
304,2014,1,13,15,63,-23,3,1029,SE,1.79,0,0
305,2014,1,13,16,79,-23,3,1029,cv,0.89,0,0
306,2014,1,13,17,125,-22,0,1029,SE,0.89,0,0
307,2014,1,13,18,119,-20,-2,1030,cv,0.89,0,0
308,2014,1,13,19,115,-19,-6,1030,NE,1.79,0,0
309,2014,1,13,20,131,-16,-6,1031,SE,1.79,0,0
310,2014,1,13,21,177,-18,-7,1031,NE,1.79,0,0
311,2014,1,13,22,287,-17,-7,1032,SE,0.89,0,0
312,2014,1,13,23,299,-19,-8,1032,NE,1.79,0,0
313,2014,1,14,0,250,-18,-7,1033,NW,1.79,0,0
314,2014,1,14,1,159,-19,-8,1033,NW,3.58,0,0
315,2014,1,14,2,124,-20,-9,1033,NW,6.71,0,0
316,2014,1,14,3,123,-19,-8,1034,NW,11.63,0,0
317,2014,1,14,4,49,-21,-10,1034,NW,15.65,0,0
318,2014,1,14,5,36,-19,-9,1034,cv,0.89,0,0
319,2014,1,14,6,59,-20,-9,1034,cv,1.78,0,0
320,2014,1,14,7,85,-18,-9,1035,cv,2.67,0,0
321,2014,1,14,8,170,-18,-11,1035,NW,1.79,0,0
322,2014,1,14,9,180,-15,-7,1036,NW,3.58,0,0
323,2014,1,14,10,227,-12,-2,1036,NW,5.37,0,0
324,2014,1,14,11,199,-20,-1,1036,cv,0.89,0,0
325,2014,1,14,12,168,-23,1,1035,cv,1.78,0,0
326,2014,1,14,13,93,-24,2,1033,cv,2.67,0,0
327,2014,1,14,14,80,-23,3,1033,NW,1.79,0,0
328,2014,1,14,15,111,-22,3,1033,cv,1.79,0,0
329,2014,1,14,16,133,-19,3,1032,SE,3.13,0,0
330,2014,1,14,17,135,-17,1,1033,SE,6.26,0,0
331,2014,1,14,18,94,-16,0,1033,SE,9.39,0,0
332,2014,1,14,19,103,-17,0,1033,SE,12.52,0,0
333,2014,1,14,20,92,-16,1,1033,cv,1.79,0,0
334,2014,1,14,21,93,-15,-5,1034,cv,2.68,0,0
335,2014,1,14,22,109,-14,-5,1034,cv,3.57,0,0
336,2014,1,14,23,122,-14,-6,1034,cv,4.46,0,0
337,2014,1,15,0,123,-13,-7,1033,cv,5.35,0,0
338,2014,1,15,1,122,-14,-8,1033,NW,0.89,0,0
339,2014,1,15,2,172,-15,-7,1034,NW,2.68,0,0
340,2014,1,15,3,213,-17,-10,1033,NW,4.47,0,0
341,2014,1,15,4,196,-17,-10,1033,NW,6.26,0,0
342,2014,1,15,5,158,-18,-10,1033,cv,0.89,0,0
343,2014,1,15,6,103,-19,-10,1032,cv,1.78,0,0
344,2014,1,15,7,90,-18,-10,1033,NW,3.13,0,0
345,2014,1,15,8,70,-18,-7,1033,NW,4.92,0,0
346,2014,1,15,9,67,-18,-5,1033,NW,8.05,0,0
347,2014,1,15,10,66,-17,-2,1033,NW,12.07,0,0
348,2014,1,15,11,52,-18,0,1033,NW,13.86,0,0
349,2014,1,15,12,55,-20,2,1032,cv,1.79,0,0
350,2014,1,15,13,51,-22,5,1030,cv,2.68,0,0
351,2014,1,15,14,47,-22,5,1029,cv,3.57,0,0
352,2014,1,15,15,48,-22,5,1029,cv,5.36,0,0
353,2014,1,15,16,60,-23,5,1029,cv,6.25,0,0
354,2014,1,15,17,88,-23,2,1028,SE,1.79,0,0
355,2014,1,15,18,279,-16,2,1029,SE,5.81,0,0
356,2014,1,15,19,435,-15,0,1029,SE,8.94,0,0
357,2014,1,15,20,489,-13,-2,1029,cv,0.89,0,0
358,2014,1,15,21,513,-11,-2,1029,cv,1.78,0,0
359,2014,1,15,22,539,-11,-2,1028,SE,1.79,0,0
360,2014,1,15,23,567,-10,-2,1029,cv,0.89,0,0
361,2014,1,16,0,569,-10,-3,1028,SE,1.79,0,0
362,2014,1,16,1,659,-9,-3,1027,cv,0.89,0,0
363,2014,1,16,2,648,-9,-3,1027,cv,1.78,0,0
364,2014,1,16,3,651,-8,-3,1027,cv,2.67,0,0
365,2014,1,16,4,671,-7,-3,1027,NE,1.79,0,0
366,2014,1,16,5,623,-7,-3,1026,SE,1.79,0,0
367,2014,1,16,6,618,-7,-4,1027,NW,0.89,0,0
368,2014,1,16,7,532,-7,-4,1027,NW,1.78,0,0
369,2014,1,16,8,477,-8,-5,1028,NW,3.57,0,0
370,2014,1,16,9,479,-8,-5,1028,NW,5.36,0,0
371,2014,1,16,10,490,-6,-2,1028,cv,0.89,0,0
372,2014,1,16,11,476,-11,1,1028,NE,1.79,0,0
373,2014,1,16,12,457,-11,2,1027,NE,5.81,0,0
374,2014,1,16,13,327,-10,3,1027,NE,8.94,0,0
375,2014,1,16,14,161,-11,4,1026,SE,1.79,0,0
376,2014,1,16,15,286,-15,5,1027,SE,3.58,0,0
377,2014,1,16,16,298,-14,5,1027,SE,5.37,0,0
378,2014,1,16,17,310,-11,3,1027,SE,7.16,0,0
379,2014,1,16,18,332,-7,0,1029,SE,10.29,0,0
380,2014,1,16,19,391,-7,-2,1029,SE,12.08,0,0
381,2014,1,16,20,437,-6,-1,1030,SE,13.87,0,0
382,2014,1,16,21,422,-5,-1,1031,cv,0.89,0,0
383,2014,1,16,22,320,-5,-2,1031,SE,1.79,0,0
384,2014,1,16,23,346,-4,-1,1031,SE,3.58,0,0
385,2014,1,17,0,351,-4,-1,1031,SE,7.6,0,0
386,2014,1,17,1,297,-5,-2,1031,SE,10.73,0,0
387,2014,1,17,2,290,-5,-2,1031,SE,13.86,0,0
388,2014,1,17,3,250,-7,-2,1031,SE,18.78,1,0
389,2014,1,17,4,170,-10,-2,1031,SE,23.7,2,0
390,2014,1,17,5,103,-10,-3,1031,SE,29.51,0,0
391,2014,1,17,6,79,-10,-3,1031,SE,34.43,0,0
392,2014,1,17,7,73,-10,-3,1032,cv,0.89,1,0
393,2014,1,17,8,74,-10,-3,1032,SE,1.79,0,0
394,2014,1,17,9,77,-10,-3,1033,SE,3.58,0,0
395,2014,1,17,10,81,-10,-2,1033,SE,5.37,0,0
396,2014,1,17,11,95,-9,0,1033,cv,0.89,0,0
397,2014,1,17,12,115,-10,1,1032,SE,1.79,0,0
398,2014,1,17,13,77,-11,3,1031,cv,0.89,0,0
399,2014,1,17,14,67,-13,5,1030,cv,2.68,0,0
400,2014,1,17,15,13,-21,5,1030,NW,7.15,0,0
401,2014,1,17,16,12,-21,5,1030,NW,14.3,0,0
402,2014,1,17,17,10,-22,4,1030,NW,21.45,0,0
403,2014,1,17,18,195,-23,4,1031,NW,28.6,0,0
404,2014,1,17,19,238,-22,3,1031,NW,32.62,0,0
405,2014,1,17,20,293,-22,3,1031,NW,36.64,0,0
406,2014,1,17,21,384,-22,3,1032,NW,40.66,0,0
407,2014,1,17,22,381,-18,-1,1032,NW,44.68,0,0
408,2014,1,17,23,296,-23,3,1032,NW,49.6,0,0
409,2014,1,18,0,38,-22,1,1032,NW,54.52,0,0
410,2014,1,18,1,19,-20,-2,1032,NW,57.65,0,0
411,2014,1,18,2,22,-21,2,1033,NW,63.46,0,0
412,2014,1,18,3,20,-17,-1,1033,NW,68.38,0,0
413,2014,1,18,4,14,-17,-4,1033,NW,73.3,0,0
414,2014,1,18,5,23,-16,-5,1033,NE,1.79,0,0
415,2014,1,18,6,19,-16,-8,1033,NE,3.58,0,0
416,2014,1,18,7,22,-17,-6,1034,NE,6.71,0,0
417,2014,1,18,8,33,-16,-5,1034,NW,3.13,0,0
418,2014,1,18,9,42,-15,-1,1035,NW,6.26,0,0
419,2014,1,18,10,40,-19,3,1035,NW,9.39,0,0
420,2014,1,18,11,43,-20,4,1035,NE,4.02,0,0
421,2014,1,18,12,56,-20,5,1034,cv,0.89,0,0
422,2014,1,18,13,57,-21,6,1033,cv,2.68,0,0
423,2014,1,18,14,153,-20,6,1032,SE,3.13,0,0
424,2014,1,18,15,108,-19,6,1032,SE,7.15,0,0
425,2014,1,18,16,89,-18,5,1031,SE,12.07,0,0
426,2014,1,18,17,87,-18,3,1031,SE,16.09,0,0
427,2014,1,18,18,95,-19,3,1032,SE,17.88,0,0
428,2014,1,18,19,111,-16,1,1032,cv,0.89,0,0
429,2014,1,18,20,112,-15,1,1031,SE,1.79,0,0
430,2014,1,18,21,145,-14,1,1031,SE,5.81,0,0
431,2014,1,18,22,184,-12,-2,1032,SE,7.6,0,0
432,2014,1,18,23,178,-11,-2,1031,SE,11.62,0,0
433,2014,1,19,0,170,-9,-2,1030,SE,15.64,0,0
434,2014,1,19,1,161,-8,-2,1030,SE,19.66,0,0
435,2014,1,19,2,133,-8,-2,1030,SE,21.45,0,0
436,2014,1,19,3,114,-8,-2,1028,SE,24.58,0,0
437,2014,1,19,4,112,-7,-2,1027,cv,0.89,0,0
438,2014,1,19,5,114,-7,-3,1027,cv,1.78,0,0
439,2014,1,19,6,130,-7,-3,1026,SE,1.79,0,0
440,2014,1,19,7,133,-7,-2,1026,cv,0.89,0,0
441,2014,1,19,8,143,-7,-3,1025,cv,1.78,0,0
442,2014,1,19,9,137,-7,-2,1026,cv,2.67,0,0
443,2014,1,19,10,143,-6,-2,1026,NW,1.79,0,0
444,2014,1,19,11,145,-6,-1,1025,NW,3.58,0,0
445,2014,1,19,12,185,-7,1,1023,cv,0.89,0,0
446,2014,1,19,13,198,-8,2,1021,cv,2.68,0,0
447,2014,1,19,14,205,-9,3,1020,SE,1.79,0,0
448,2014,1,19,15,195,-9,3,1020,SE,4.92,0,0
449,2014,1,19,16,203,-9,3,1020,SE,6.71,0,0
450,2014,1,19,17,209,-9,1,1021,SE,8.5,0,0
451,2014,1,19,18,202,-9,1,1022,cv,0.89,0,0
452,2014,1,19,19,28,-21,5,1023,NW,12.07,0,0
453,2014,1,19,20,26,-21,3,1024,NW,21.9,0,0
454,2014,1,19,21,22,-21,2,1025,NW,29.95,0,0
455,2014,1,19,22,24,-22,2,1026,NW,38.89,0,0
456,2014,1,19,23,16,-21,1,1025,NW,46.04,0,0
457,2014,1,20,0,16,-19,-1,1025,NW,50.06,0,0
458,2014,1,20,1,17,-20,0,1026,NW,59.89,0,0
459,2014,1,20,2,7,-21,-1,1027,NW,69.72,0,0
460,2014,1,20,3,9,-23,-1,1027,NW,84.92,0,0
461,2014,1,20,4,10,-22,-2,1027,NW,97.88,0,0
462,2014,1,20,5,8,-21,-2,1028,NW,109.06,0,0
463,2014,1,20,6,7,-21,-3,1028,NW,114.87,0,0
464,2014,1,20,7,10,-21,-2,1028,NW,123.81,0,0
465,2014,1,20,8,11,-21,-2,1029,NW,135.88,0,0
466,2014,1,20,9,11,-21,-1,1029,NW,147.06,0,0
467,2014,1,20,10,10,-23,0,1030,NW,159.13,0,0
468,2014,1,20,11,7,-24,1,1030,NW,171.2,0,0
469,2014,1,20,12,9,-25,2,1030,NW,183.27,0,0
470,2014,1,20,13,14,-24,3,1029,NW,194.45,0,0
471,2014,1,20,14,13,-24,4,1029,NW,207.41,0,0
472,2014,1,20,15,14,-25,3,1029,NW,219.48,0,0
473,2014,1,20,16,9,-24,3,1030,NW,230.66,0,0
474,2014,1,20,17,14,-24,2,1030,NW,240.49,0,0
475,2014,1,20,18,9,-24,1,1032,NW,250.32,0,0
476,2014,1,20,19,8,-23,0,1032,NW,258.37,0,0
477,2014,1,20,20,10,-20,0,1033,NW,265.52,0,0
478,2014,1,20,21,8,-20,-1,1034,NW,272.67,0,0
479,2014,1,20,22,9,-20,-1,1034,NW,277.59,0,0
480,2014,1,20,23,11,-20,-1,1034,NW,284.74,0,0
481,2014,1,21,0,11,-20,-2,1034,NW,291.89,0,0
482,2014,1,21,1,10,-20,-3,1034,NW,297.7,0,0
483,2014,1,21,2,15,-22,-2,1034,NW,306.64,0,0
484,2014,1,21,3,13,-22,-6,1035,NW,310.66,0,0
485,2014,1,21,4,16,-22,-4,1035,NW,315.58,0,0
486,2014,1,21,5,13,-22,-6,1035,NW,318.71,0,0
487,2014,1,21,6,18,-21,-5,1035,NW,323.63,0,0
488,2014,1,21,7,18,-22,-5,1035,NW,328.55,0,0
489,2014,1,21,8,22,-21,-5,1035,NE,3.13,0,0
490,2014,1,21,9,23,-20,-3,1035,NE,6.26,0,0
491,2014,1,21,10,24,-21,-1,1035,NW,3.13,0,0
492,2014,1,21,11,24,-23,2,1035,NW,6.26,0,0
493,2014,1,21,12,23,-24,2,1033,cv,0.89,0,0
494,2014,1,21,13,23,-24,4,1032,NW,1.79,0,0
495,2014,1,21,14,42,-25,4,1030,cv,3.13,0,0
496,2014,1,21,15,54,-24,4,1030,SE,4.02,0,0
497,2014,1,21,16,48,-24,3,1029,SE,8.94,0,0
498,2014,1,21,17,66,-23,3,1029,SE,12.96,0,0
499,2014,1,21,18,56,-24,1,1029,SE,16.09,0,0
500,2014,1,21,19,67,-23,1,1029,SE,19.22,0,0
501,2014,1,21,20,95,-20,-1,1028,SE,21.01,0,0
502,2014,1,21,21,111,-19,-1,1028,SE,22.8,0,0
503,2014,1,21,22,112,-18,-4,1028,cv,0.89,0,0
504,2014,1,21,23,113,-18,-5,1027,NE,0.89,0,0
505,2014,1,22,0,127,-18,-6,1027,SE,1.79,0,0
506,2014,1,22,1,137,-19,-6,1026,NE,0.89,0,0
507,2014,1,22,2,164,-18,-8,1026,NW,0.89,0,0
508,2014,1,22,3,190,-18,-8,1026,NW,2.68,0,0
509,2014,1,22,4,175,-18,-9,1025,NW,4.47,0,0
510,2014,1,22,5,142,-18,-9,1025,NW,6.26,0,0
511,2014,1,22,6,107,-17,-9,1025,NW,8.05,0,0
512,2014,1,22,7,101,-19,-10,1025,NW,11.18,0,0
513,2014,1,22,8,100,-18,-9,1025,NW,14.31,0,0
514,2014,1,22,9,97,-16,-5,1025,cv,0.89,0,0
515,2014,1,22,10,101,-18,-2,1025,NW,3.13,0,0
516,2014,1,22,11,105,-20,0,1025,NW,4.92,0,0
517,2014,1,22,12,117,-20,2,1024,cv,0.89,0,0
518,2014,1,22,13,119,-20,3,1023,SE,1.79,0,0
519,2014,1,22,14,115,-21,5,1021,cv,0.89,0,0
520,2014,1,22,15,125,-22,5,1021,cv,1.78,0,0
521,2014,1,22,16,NA,-21,5,1021,SE,1.79,0,0
522,2014,1,22,17,NA,-21,4,1021,cv,0.89,0,0
523,2014,1,22,18,184,-20,1,1021,cv,1.78,0,0
524,2014,1,22,19,210,-16,-2,1021,SE,0.89,0,0
525,2014,1,22,20,213,-16,-2,1022,SE,1.78,0,0
526,2014,1,22,21,237,-16,-4,1022,SE,3.57,0,0
527,2014,1,22,22,258,-17,-5,1022,NE,1.79,0,0
528,2014,1,22,23,264,-15,-5,1022,SE,1.79,0,0
529,2014,1,23,0,324,-16,-3,1021,SE,3.58,0,0
530,2014,1,23,1,344,-16,-6,1021,NW,1.79,0,0
531,2014,1,23,2,356,-15,-7,1020,cv,0.45,0,0
532,2014,1,23,3,366,-15,-7,1020,cv,0.9,0,0
533,2014,1,23,4,350,-15,-7,1020,NW,0.89,0,0
534,2014,1,23,5,321,-16,-8,1019,cv,0.45,0,0
535,2014,1,23,6,294,-15,-8,1018,NW,0.89,0,0
536,2014,1,23,7,239,-16,-8,1018,NW,2.68,0,0
537,2014,1,23,8,219,-15,-6,1018,NW,4.47,0,0
538,2014,1,23,9,221,-13,-5,1018,cv,0.89,0,0
539,2014,1,23,10,245,-14,-2,1017,cv,1.34,0,0
540,2014,1,23,11,311,-16,0,1018,NW,1.79,0,0
541,2014,1,23,12,240,-15,2,1016,cv,0.89,0,0
542,2014,1,23,13,235,-15,2,1015,NE,1.79,0,0
543,2014,1,23,14,232,-14,2,1014,cv,0.89,0,0
544,2014,1,23,15,238,-14,3,1014,cv,1.78,0,0
545,2014,1,23,16,243,-14,3,1013,cv,2.67,0,0
546,2014,1,23,17,282,-14,1,1013,NE,0.89,0,0
547,2014,1,23,18,310,-12,-1,1014,cv,0.89,0,0
548,2014,1,23,19,295,-12,-4,1015,cv,1.78,0,0
549,2014,1,23,20,301,-11,-3,1015,NW,0.89,0,0
550,2014,1,23,21,325,-12,-5,1015,NE,1.79,0,0
551,2014,1,23,22,319,-11,-4,1015,NW,0.89,0,0
552,2014,1,23,23,335,-11,-3,1016,NW,2.68,0,0
553,2014,1,24,0,301,-11,-3,1015,NW,4.47,0,0
554,2014,1,24,1,312,-12,-3,1016,NW,6.26,0,0
555,2014,1,24,2,316,-11,-3,1015,NW,8.05,0,0
556,2014,1,24,3,296,-11,-3,1014,NW,11.18,0,0
557,2014,1,24,4,270,-12,-2,1015,NW,12.97,0,0
558,2014,1,24,5,252,-12,-3,1014,NW,16.99,0,0
559,2014,1,24,6,234,-12,-3,1014,NW,21.91,0,0
560,2014,1,24,7,233,-12,-3,1016,cv,0.89,0,0
561,2014,1,24,8,241,-12,-3,1016,cv,1.78,0,0
562,2014,1,24,9,231,-12,-1,1017,NW,1.79,0,0
563,2014,1,24,10,214,-13,1,1017,NW,3.58,0,0
564,2014,1,24,11,210,-16,4,1019,NW,6.71,0,0
565,2014,1,24,12,178,-15,5,1018,NW,11.63,0,0
566,2014,1,24,13,142,-16,7,1017,NW,15.65,0,0
567,2014,1,24,14,122,-21,10,1016,NE,4.92,0,0
568,2014,1,24,15,59,-22,10,1017,NE,8.94,0,0
569,2014,1,24,16,47,-23,10,1017,NE,13.86,0,0
570,2014,1,24,17,40,-24,9,1018,NE,17.88,0,0
571,2014,1,24,18,32,-24,9,1019,NE,21.9,0,0
572,2014,1,24,19,48,-25,8,1020,NE,25.92,0,0
573,2014,1,24,20,32,-24,5,1021,NE,29.05,0,0
574,2014,1,24,21,25,-23,4,1021,NW,3.13,0,0
575,2014,1,24,22,26,-23,4,1021,NE,1.79,0,0
576,2014,1,24,23,43,-21,1,1022,NW,4.02,0,0
577,2014,1,25,0,54,-20,1,1023,NE,1.79,0,0
578,2014,1,25,1,55,-19,-1,1022,NW,1.79,0,0
579,2014,1,25,2,53,-17,-1,1023,cv,0.89,0,0
580,2014,1,25,3,60,-17,-1,1023,cv,1.78,0,0
581,2014,1,25,4,55,-17,-1,1023,NW,1.79,0,0
582,2014,1,25,5,42,-15,-2,1023,NW,3.58,0,0
583,2014,1,25,6,36,-19,1,1024,NW,6.71,0,0
584,2014,1,25,7,32,-21,1,1025,NW,9.84,0,0
585,2014,1,25,8,14,-20,0,1026,NW,12.97,0,0
586,2014,1,25,9,15,-21,5,1027,NW,16.99,0,0
587,2014,1,25,10,18,-20,6,1028,NE,4.02,0,0
588,2014,1,25,11,14,-21,6,1028,NE,8.94,0,0
589,2014,1,25,12,15,-22,6,1028,NE,14.75,0,0
590,2014,1,25,13,15,-22,6,1027,NE,20.56,0,0
591,2014,1,25,14,14,-24,6,1027,NE,26.37,0,0
592,2014,1,25,15,19,-24,6,1027,NE,31.29,0,0
593,2014,1,25,16,17,-24,5,1027,NE,35.31,0,0
594,2014,1,25,17,16,-24,4,1028,SE,0.89,0,0
595,2014,1,25,18,14,-23,0,1029,cv,0.89,0,0
596,2014,1,25,19,33,-20,-1,1030,NW,0.89,0,0
597,2014,1,25,20,45,-22,-2,1031,NW,4.02,0,0
598,2014,1,25,21,55,-13,0,1032,SE,3.13,0,0
599,2014,1,25,22,71,-7,0,1033,SE,6.26,0,0
600,2014,1,25,23,59,-7,-1,1034,SE,10.28,0,0
601,2014,1,26,0,42,-8,-2,1034,SE,13.41,0,0
602,2014,1,26,1,31,-9,-3,1034,SE,15.2,0,0
603,2014,1,26,2,30,-9,-5,1034,cv,0.89,0,0
604,2014,1,26,3,39,-8,-3,1034,SE,1.79,0,0
605,2014,1,26,4,23,-9,-2,1033,SE,3.58,0,0
606,2014,1,26,5,26,-9,-2,1033,SE,5.37,0,0
607,2014,1,26,6,25,-10,-3,1033,SE,7.16,0,0
608,2014,1,26,7,26,-12,-5,1034,SE,10.29,0,0
609,2014,1,26,8,24,-12,-6,1034,SE,12.08,0,0
610,2014,1,26,9,29,-11,-3,1033,SE,13.87,0,0
611,2014,1,26,10,28,-10,-1,1033,SE,17,0,0
612,2014,1,26,11,35,-11,1,1032,SE,21.02,0,0
613,2014,1,26,12,35,-11,2,1031,SE,25.94,0,0
614,2014,1,26,13,38,-12,2,1029,SE,30.86,0,0
615,2014,1,26,14,49,-12,2,1027,SE,34.88,0,0
616,2014,1,26,15,65,-12,3,1026,SE,38.9,0,0
617,2014,1,26,16,72,-13,3,1024,SE,42.92,0,0
618,2014,1,26,17,74,-13,2,1024,SE,44.71,0,0
619,2014,1,26,18,80,-13,1,1024,cv,0.89,0,0
620,2014,1,26,19,88,-12,0,1024,SE,3.13,0,0
621,2014,1,26,20,106,-12,0,1023,SE,6.26,0,0
622,2014,1,26,21,113,-10,-1,1023,SE,8.05,0,0
623,2014,1,26,22,139,-8,-2,1022,SE,11.18,0,0
624,2014,1,26,23,119,-8,-3,1021,SE,12.97,0,0
625,2014,1,27,0,122,-8,-3,1020,SE,14.76,0,0
626,2014,1,27,1,116,-9,-5,1020,cv,0.45,0,0
627,2014,1,27,2,132,-10,-6,1019,NE,0.89,0,0
628,2014,1,27,3,120,-10,-6,1019,cv,0.45,0,0
629,2014,1,27,4,111,-10,-7,1018,NW,1.79,0,0
630,2014,1,27,5,108,-10,-6,1017,NW,3.58,0,0
631,2014,1,27,6,110,-11,-7,1017,NW,6.71,0,0
632,2014,1,27,7,119,-10,-7,1017,NW,8.5,0,0
633,2014,1,27,8,125,-10,-6,1017,NW,10.29,0,0
634,2014,1,27,9,143,-8,-4,1017,NW,13.42,0,0
635,2014,1,27,10,149,-8,-1,1017,NW,16.55,0,0
636,2014,1,27,11,133,-11,2,1018,NW,19.68,0,0
637,2014,1,27,12,136,-12,3,1017,NW,22.81,0,0
638,2014,1,27,13,149,-12,5,1016,NW,25.94,0,0
639,2014,1,27,14,161,-12,7,1016,NW,29.07,0,0
640,2014,1,27,15,167,-12,7,1016,NW,30.86,0,0
641,2014,1,27,16,167,-12,7,1017,NW,32.65,0,0
642,2014,1,27,17,53,-12,6,1018,cv,0.89,0,0
643,2014,1,27,18,19,-20,8,1020,NW,7.15,0,0
644,2014,1,27,19,32,-27,7,1022,NW,16.09,0,0
645,2014,1,27,20,15,-27,7,1023,NW,27.27,0,0
646,2014,1,27,21,11,-28,5,1025,NW,36.21,0,0
647,2014,1,27,22,10,-28,4,1026,NW,44.26,0,0
648,2014,1,27,23,11,-26,2,1027,NE,3.13,0,0
649,2014,1,28,0,11,-24,2,1028,NE,4.92,0,0
650,2014,1,28,1,9,-21,-1,1028,NW,3.13,0,0
651,2014,1,28,2,19,-21,-3,1029,NW,7.15,0,0
652,2014,1,28,3,13,-21,-4,1029,NW,10.28,0,0
653,2014,1,28,4,13,-21,-5,1029,NW,13.41,0,0
654,2014,1,28,5,14,-22,-5,1029,cv,0.89,0,0
655,2014,1,28,6,17,-21,-4,1029,NE,3.13,0,0
656,2014,1,28,7,16,-22,-3,1030,SE,1.79,0,0
657,2014,1,28,8,18,-21,-4,1031,cv,0.89,0,0
658,2014,1,28,9,31,-19,0,1031,cv,1.78,0,0
659,2014,1,28,10,23,-22,1,1031,SE,1.79,0,0
660,2014,1,28,11,15,-16,2,1031,SE,4.92,0,0
661,2014,1,28,12,57,-16,3,1030,SE,8.94,0,0
662,2014,1,28,13,65,-11,5,1028,SE,14.75,0,0
663,2014,1,28,14,64,-12,5,1028,SE,20.56,0,0
664,2014,1,28,15,65,-11,5,1027,SE,25.48,0,0
665,2014,1,28,16,64,-12,5,1026,SE,30.4,0,0
666,2014,1,28,17,81,-13,4,1025,SE,34.42,0,0
667,2014,1,28,18,75,-14,1,1025,SE,37.55,0,0
668,2014,1,28,19,70,-13,0,1025,SE,40.68,0,0
669,2014,1,28,20,71,-10,1,1025,SE,44.7,0,0
670,2014,1,28,21,83,-8,-1,1025,SE,48.72,0,0
671,2014,1,28,22,74,-8,-2,1024,SE,52.74,0,0
672,2014,1,28,23,86,-8,-3,1023,SE,54.53,0,0
673,2014,1,29,0,75,-9,-4,1023,SE,56.32,0,0
674,2014,1,29,1,72,-9,-5,1022,NE,1.79,0,0
675,2014,1,29,2,74,-8,-4,1021,SE,1.79,0,0
676,2014,1,29,3,76,-9,-5,1020,cv,0.89,0,0
677,2014,1,29,4,84,-10,-6,1019,cv,1.34,0,0
678,2014,1,29,5,81,-10,-7,1017,NE,0.89,0,0
679,2014,1,29,6,86,-10,-7,1016,cv,0.89,0,0
680,2014,1,29,7,84,-10,-7,1016,NE,0.89,0,0
681,2014,1,29,8,88,-10,-7,1015,SE,1.79,0,0
682,2014,1,29,9,91,-7,-3,1016,cv,0.89,0,0
683,2014,1,29,10,102,-7,-2,1015,SE,1.79,0,0
684,2014,1,29,11,121,-7,0,1014,SE,3.58,0,0
685,2014,1,29,12,132,-8,1,1013,NE,1.79,0,0
686,2014,1,29,13,163,-9,2,1012,SE,1.79,0,0
687,2014,1,29,14,175,-9,2,1011,cv,0.89,0,0
688,2014,1,29,15,190,-9,3,1011,cv,1.78,0,0
689,2014,1,29,16,203,-9,3,1011,cv,2.67,0,0
690,2014,1,29,17,205,-9,2,1011,cv,3.56,0,0
691,2014,1,29,18,217,-8,-1,1011,NE,0.89,0,0
692,2014,1,29,19,241,-9,-3,1012,NE,1.78,0,0
693,2014,1,29,20,226,-9,-3,1013,NW,1.79,0,0
694,2014,1,29,21,225,-9,-3,1013,NW,4.92,0,0
695,2014,1,29,22,205,-10,-4,1013,NW,8.05,0,0
696,2014,1,29,23,213,-8,-2,1013,cv,0.89,0,0
697,2014,1,30,0,229,-10,-3,1014,cv,1.78,0,0
698,2014,1,30,1,217,-10,-3,1014,cv,2.67,0,0
699,2014,1,30,2,218,-10,-4,1015,SE,1.79,0,0
700,2014,1,30,3,128,-10,-2,1015,cv,0.89,0,0
701,2014,1,30,4,88,-15,-1,1016,NW,4.92,0,0
702,2014,1,30,5,20,-14,-4,1016,NW,8.94,0,0
703,2014,1,30,6,16,-21,1,1017,NW,14.75,0,0
704,2014,1,30,7,6,-20,0,1018,NW,18.77,0,0
705,2014,1,30,8,12,-19,-2,1019,NW,21.9,0,0
706,2014,1,30,9,20,-23,4,1020,cv,0.89,0,0
707,2014,1,30,10,26,-24,4,1021,NE,4.02,0,0
708,2014,1,30,11,16,-26,5,1021,NE,7.15,0,0
709,2014,1,30,12,16,-27,7,1020,NE,8.94,0,0
710,2014,1,30,13,16,-27,7,1018,SE,3.13,0,0
711,2014,1,30,14,12,-26,8,1017,SE,4.92,0,0
712,2014,1,30,15,17,-26,8,1017,SE,6.71,0,0
713,2014,1,30,16,17,-26,8,1017,SE,10.73,0,0
714,2014,1,30,17,25,-24,7,1017,SE,14.75,0,0
715,2014,1,30,18,39,-24,4,1018,SE,16.54,0,0
716,2014,1,30,19,54,-18,4,1018,SE,21.46,0,0
717,2014,1,30,20,123,-7,2,1019,SE,26.38,0,0
718,2014,1,30,21,142,-6,0,1020,SE,29.51,0,0
719,2014,1,30,22,157,-5,-1,1020,SE,33.53,0,0
720,2014,1,30,23,190,-6,-2,1020,SE,36.66,0,0
721,2014,1,31,0,137,-7,-1,1021,SE,39.79,0,0
722,2014,1,31,1,469,-7,-1,1021,SE,41.58,0,0
723,2014,1,31,2,344,-7,-1,1021,SE,44.71,0,0
724,2014,1,31,3,281,-7,-2,1021,SE,46.5,0,0
725,2014,1,31,4,209,-8,-2,1020,cv,0.89,0,0
726,2014,1,31,5,150,-9,-4,1020,NE,0.89,0,0
727,2014,1,31,6,138,-9,-4,1020,NW,1.79,0,0
728,2014,1,31,7,133,-8,-3,1020,NW,3.58,0,0
729,2014,1,31,8,130,-8,-4,1020,NW,5.37,0,0
730,2014,1,31,9,143,-6,-1,1020,NW,9.39,0,0
731,2014,1,31,10,103,-7,1,1020,NW,13.41,0,0
732,2014,1,31,11,81,-7,2,1020,NW,17.43,0,0
733,2014,1,31,12,70,-7,2,1019,cv,0.89,0,0
734,2014,1,31,13,81,-7,3,1019,NW,1.79,0,0
735,2014,1,31,14,117,-6,3,1018,cv,0.89,0,0
736,2014,1,31,15,130,-5,3,1017,SE,1.79,0,0
737,2014,1,31,16,146,-5,3,1017,SE,3.58,0,0
738,2014,1,31,17,144,-6,2,1017,cv,0.89,0,0
739,2014,1,31,18,147,-7,2,1018,cv,1.78,0,0
740,2014,1,31,19,140,-7,1,1019,cv,2.67,0,0
741,2014,1,31,20,148,-5,2,1019,cv,3.56,0,0
742,2014,1,31,21,155,-5,2,1019,cv,4.45,0,0
743,2014,1,31,22,167,-5,2,1019,cv,4.9,0,0
744,2014,1,31,23,180,-4,2,1019,cv,5.79,0,0
745,2014,2,1,0,183,-5,2,1019,NE,0.89,0,0
746,2014,2,1,1,181,-5,2,1018,cv,0.45,0,0
747,2014,2,1,2,172,-6,2,1019,NW,1.79,0,0
748,2014,2,1,3,167,-5,2,1018,NW,2.68,0,0
749,2014,2,1,4,171,-4,1,1018,NW,4.47,0,0
750,2014,2,1,5,179,-4,1,1017,NW,6.26,0,0
751,2014,2,1,6,175,-5,1,1017,NW,8.05,0,0
752,2014,2,1,7,190,-6,2,1018,NW,11.18,0,0
753,2014,2,1,8,189,-6,2,1017,NW,14.31,0,0
754,2014,2,1,9,187,-7,3,1018,NW,17.44,0,0
755,2014,2,1,10,178,-7,3,1018,NW,20.57,0,0
756,2014,2,1,11,184,-7,3,1018,NE,0.89,0,0
757,2014,2,1,12,152,-4,4,1017,cv,0.89,0,0
758,2014,2,1,13,124,-3,4,1016,cv,1.78,0,0
759,2014,2,1,14,163,-3,4,1015,SE,1.79,0,0
760,2014,2,1,15,143,-2,4,1015,SE,3.58,0,0
761,2014,2,1,16,127,-1,4,1014,SE,5.37,0,0
762,2014,2,1,17,109,-1,4,1014,SE,8.5,0,0
763,2014,2,1,18,120,-1,4,1014,SE,11.63,0,0
764,2014,2,1,19,135,-1,3,1013,SE,14.76,0,0
765,2014,2,1,20,118,-1,3,1013,SE,17.89,0,0
766,2014,2,1,21,132,-1,2,1013,SE,21.02,0,0
767,2014,2,1,22,141,-1,2,1013,SE,25.04,0,0
768,2014,2,1,23,144,-1,2,1012,SE,28.17,0,0
769,2014,2,2,0,141,-1,2,1012,SE,29.96,0,0
770,2014,2,2,1,144,-1,2,1012,SE,33.09,0,0
771,2014,2,2,2,159,-1,2,1012,SE,36.22,0,0
772,2014,2,2,3,163,-1,2,1011,SE,39.35,0,0
773,2014,2,2,4,174,-1,2,1011,SE,41.14,0,0
774,2014,2,2,5,164,-2,2,1011,cv,0.89,0,0
775,2014,2,2,6,171,-2,1,1012,NW,3.13,0,0
776,2014,2,2,7,162,-3,-1,1012,NW,7.15,0,0
777,2014,2,2,8,152,-2,2,1013,NW,12.96,0,0
778,2014,2,2,9,141,-5,5,1014,NW,20.11,0,0
779,2014,2,2,10,66,-10,8,1015,NW,28.16,0,0
780,2014,2,2,11,22,-19,10,1015,NW,37.1,0,0
781,2014,2,2,12,15,-20,10,1014,NW,49.17,0,0
782,2014,2,2,13,13,-21,10,1014,NW,60.35,0,0
783,2014,2,2,14,13,-21,10,1014,NW,70.18,0,0
784,2014,2,2,15,12,-24,9,1015,NW,81.36,0,0
785,2014,2,2,16,13,-24,9,1015,NW,89.41,0,0
786,2014,2,2,17,10,-27,6,1017,NW,98.35,0,0
787,2014,2,2,18,9,-29,4,1018,NW,104.16,0,0
788,2014,2,2,19,8,-33,3,1020,NE,4.92,0,0
789,2014,2,2,20,9,-34,3,1020,NE,10.73,0,0
790,2014,2,2,21,7,-34,2,1021,NE,14.75,0,0
791,2014,2,2,22,9,-33,2,1021,NE,18.77,0,0
792,2014,2,2,23,8,-35,1,1022,NE,21.9,0,0
793,2014,2,3,0,10,-35,1,1023,NE,26.82,0,0
794,2014,2,3,1,8,-34,0,1024,NE,28.61,0,0
795,2014,2,3,2,10,-29,0,1024,NE,30.4,0,0
796,2014,2,3,3,9,-28,0,1025,cv,0.89,0,0
797,2014,2,3,4,6,-21,-1,1026,NW,8.05,0,0
798,2014,2,3,5,6,-31,-2,1027,NW,13.86,0,0
799,2014,2,3,6,7,-35,-3,1028,NW,22.8,0,0
800,2014,2,3,7,5,-33,-4,1028,NW,29.95,0,0
801,2014,2,3,8,6,-33,-3,1029,NW,38.89,0,0
802,2014,2,3,9,6,-32,-2,1029,NW,46.94,0,0
803,2014,2,3,10,4,-32,-1,1029,NW,54.99,0,0
804,2014,2,3,11,4,-33,0,1029,NW,63.04,0,0
805,2014,2,3,12,6,-36,0,1027,NW,71.09,0,0
806,2014,2,3,13,6,-37,1,1026,NW,80.03,0,0
807,2014,2,3,14,6,-36,2,1025,NW,88.08,0,0
808,2014,2,3,15,4,-39,2,1025,NW,96.13,0,0
809,2014,2,3,16,6,-40,2,1025,NW,104.18,0,0
810,2014,2,3,17,6,-38,1,1026,NW,113.12,0,0
811,2014,2,3,18,6,-33,-1,1027,NW,118.04,0,0
812,2014,2,3,19,6,-34,-5,1028,NW,122.06,0,0
813,2014,2,3,20,11,-33,-5,1028,NW,126.08,0,0
814,2014,2,3,21,11,-33,-3,1029,NE,4.02,0,0
815,2014,2,3,22,13,-33,-5,1029,NE,5.81,0,0
816,2014,2,3,23,16,-32,-3,1029,NW,4.92,0,0
817,2014,2,4,0,3,-32,-5,1029,NW,6.71,0,0
818,2014,2,4,1,7,-31,-4,1030,NW,12.52,0,0
819,2014,2,4,2,6,-32,-5,1030,NW,19.67,0,0
820,2014,2,4,3,6,-32,-5,1030,NW,25.48,0,0
821,2014,2,4,4,6,-32,-5,1030,NW,30.4,0,0
822,2014,2,4,5,6,-32,-6,1030,NW,35.32,0,0
823,2014,2,4,6,7,-32,-6,1030,NW,40.24,0,0
824,2014,2,4,7,10,-32,-6,1031,NW,46.05,0,0
825,2014,2,4,8,10,-32,-5,1032,NW,51.86,0,0
826,2014,2,4,9,9,-32,-3,1032,NW,56.78,0,0
827,2014,2,4,10,12,-32,-2,1032,NW,63.93,0,0
828,2014,2,4,11,12,-34,-2,1032,NW,71.08,0,0
829,2014,2,4,12,11,-33,0,1031,NW,72.87,0,0
830,2014,2,4,13,10,-37,1,1030,NW,76,0,0
831,2014,2,4,14,6,-38,0,1028,NW,80.02,0,0
832,2014,2,4,15,8,-37,1,1028,NW,81.81,0,0
833,2014,2,4,16,7,-36,0,1028,SE,3.13,0,0
834,2014,2,4,17,18,-33,0,1027,SE,6.26,0,0
835,2014,2,4,18,17,-30,-2,1027,NE,0.89,0,0
836,2014,2,4,19,50,-27,-4,1028,SE,0.89,0,0
837,2014,2,4,20,71,-27,-4,1028,SE,1.78,0,0
838,2014,2,4,21,91,-27,-2,1029,SE,3.57,0,0
839,2014,2,4,22,109,-27,-2,1029,SE,5.36,0,0
840,2014,2,4,23,126,-24,-6,1030,NE,0.89,0,0
841,2014,2,5,0,104,-22,-5,1030,SE,1.79,0,0
842,2014,2,5,1,80,-25,-5,1029,SE,3.58,0,0
843,2014,2,5,2,69,-25,-5,1029,cv,0.89,0,0
844,2014,2,5,3,62,-25,-6,1029,SE,1.79,0,0
845,2014,2,5,4,73,-24,-7,1029,cv,0.89,0,0
846,2014,2,5,5,115,-25,-8,1029,cv,1.34,0,0
847,2014,2,5,6,155,-24,-11,1029,cv,2.23,0,0
848,2014,2,5,7,148,-22,-11,1030,NE,0.89,0,0
849,2014,2,5,8,114,-22,-11,1030,NE,1.78,0,0
850,2014,2,5,9,94,-22,-6,1030,cv,0.89,0,0
851,2014,2,5,10,117,-20,-4,1030,cv,1.78,0,0
852,2014,2,5,11,118,-19,-2,1030,cv,2.67,0,0
853,2014,2,5,12,116,-19,1,1029,cv,3.56,0,0
854,2014,2,5,13,96,-16,1,1028,cv,4.45,0,0
855,2014,2,5,14,96,-14,1,1027,SE,4.02,0,0
856,2014,2,5,15,102,-14,1,1027,SE,7.15,0,0
857,2014,2,5,16,99,-14,1,1027,SE,8.94,0,0
858,2014,2,5,17,104,-13,0,1027,SE,10.73,0,0
859,2014,2,5,18,101,-12,-1,1028,SE,11.62,0,0
860,2014,2,5,19,92,-12,-2,1028,SE,12.51,0,0
861,2014,2,5,20,76,-12,-3,1028,SE,13.4,0,0
862,2014,2,5,21,90,-12,-3,1028,SE,14.29,0,0
863,2014,2,5,22,111,-11,-4,1029,SE,16.08,0,0
864,2014,2,5,23,125,-12,-5,1029,NE,1.79,0,0
865,2014,2,6,0,139,-12,-4,1029,NE,2.68,0,0
866,2014,2,6,1,151,-12,-5,1029,cv,0.89,0,0
867,2014,2,6,2,204,-12,-5,1029,SE,1.79,0,0
868,2014,2,6,3,203,-13,-6,1029,cv,0.89,0,0
869,2014,2,6,4,200,-14,-7,1029,NW,0.89,0,0
870,2014,2,6,5,187,-13,-8,1029,NW,2.68,0,0
871,2014,2,6,6,168,-13,-6,1030,cv,0.45,0,0
872,2014,2,6,7,158,-13,-7,1030,cv,1.34,0,0
873,2014,2,6,8,155,-12,-7,1031,NE,0.89,0,0
874,2014,2,6,9,154,-11,-3,1032,NW,1.79,0,0
875,2014,2,6,10,146,-12,-1,1032,NW,3.58,0,0
876,2014,2,6,11,150,-13,0,1031,NW,5.37,0,0
877,2014,2,6,12,136,-15,1,1030,cv,0.89,0,0
878,2014,2,6,13,130,-15,1,1029,cv,1.78,0,0
879,2014,2,6,14,122,-16,2,1029,cv,2.67,0,0
880,2014,2,6,15,125,-16,2,1029,cv,3.56,0,0
881,2014,2,6,16,121,-15,1,1030,SE,1.79,0,0
882,2014,2,6,17,108,-16,1,1029,SE,3.58,0,0
883,2014,2,6,18,102,-16,0,1029,cv,0.89,0,0
884,2014,2,6,19,118,-14,-1,1030,cv,1.34,0,0
885,2014,2,6,20,130,-14,-1,1030,SE,0.89,0,0
886,2014,2,6,21,155,-12,-1,1031,SE,2.68,0,0
887,2014,2,6,22,131,-8,-2,1031,SE,4.47,0,0
888,2014,2,6,23,93,-6,-1,1031,SE,7.6,0,0
889,2014,2,7,0,91,-7,-2,1031,SE,9.39,0,0
890,2014,2,7,1,86,-7,-2,1030,SE,12.52,0,0
891,2014,2,7,2,101,-7,-2,1030,SE,15.65,0,0
892,2014,2,7,3,105,-8,-2,1030,SE,17.44,0,0
893,2014,2,7,4,110,-10,-3,1029,SE,19.23,0,0
894,2014,2,7,5,112,-11,-3,1029,SE,22.36,0,0
895,2014,2,7,6,119,-10,-3,1029,SE,26.38,1,0
896,2014,2,7,7,100,-8,-4,1029,SE,30.4,2,0
897,2014,2,7,8,105,-7,-5,1029,SE,32.19,3,0
898,2014,2,7,9,105,-7,-5,1029,SE,33.98,4,0
899,2014,2,7,10,112,-7,-5,1029,SE,35.77,5,0
900,2014,2,7,11,107,-7,-4,1029,SE,37.56,6,0
901,2014,2,7,12,94,-7,-4,1028,SE,39.35,7,0
902,2014,2,7,13,84,-6,-3,1026,SE,41.14,8,0
903,2014,2,7,14,89,-7,-4,1026,SE,44.27,9,0
904,2014,2,7,15,90,-6,-3,1025,SE,46.06,10,0
905,2014,2,7,16,98,-7,-3,1024,SE,47.85,11,0
906,2014,2,7,17,100,-6,-3,1024,SE,49.64,12,0
907,2014,2,7,18,109,-7,-3,1025,SE,51.43,13,0
908,2014,2,7,19,107,-7,-3,1025,SE,54.56,14,0
909,2014,2,7,20,107,-7,-3,1025,SE,57.69,15,0
910,2014,2,7,21,106,-6,-4,1025,SE,59.48,16,0
911,2014,2,7,22,108,-6,-4,1025,SE,61.27,17,0
912,2014,2,7,23,109,-6,-4,1025,SE,63.06,18,0
913,2014,2,8,0,106,-6,-4,1025,SE,66.19,19,0
914,2014,2,8,1,95,-6,-4,1025,SE,69.32,20,0
915,2014,2,8,2,94,-6,-4,1025,SE,71.11,21,0
916,2014,2,8,3,88,-6,-4,1025,SE,72,22,0
917,2014,2,8,4,115,-7,-4,1024,cv,0.89,23,0
918,2014,2,8,5,133,-7,-4,1024,cv,1.78,0,0
919,2014,2,8,6,132,-6,-4,1024,NE,1.79,0,0
920,2014,2,8,7,147,-7,-4,1025,NE,2.68,0,0
921,2014,2,8,8,147,-7,-5,1026,NW,3.13,0,0
922,2014,2,8,9,146,-7,-5,1027,NW,4.92,0,0
923,2014,2,8,10,79,-6,-3,1028,NE,1.79,0,0
924,2014,2,8,11,38,-8,0,1028,NW,3.13,0,0
925,2014,2,8,12,20,-13,1,1027,NW,7.15,0,0
926,2014,2,8,13,14,-14,0,1027,NE,4.02,0,0
927,2014,2,8,14,10,-14,2,1027,NW,4.92,0,0
928,2014,2,8,15,6,-16,1,1027,NE,3.13,0,0
929,2014,2,8,16,9,-16,2,1027,NW,7.15,0,0
930,2014,2,8,17,7,-17,0,1028,NW,15.2,0,0
931,2014,2,8,18,10,-17,-3,1030,NW,21.01,0,0
932,2014,2,8,19,8,-19,-3,1031,NW,29.06,0,0
933,2014,2,8,20,7,-19,-5,1033,NW,34.87,0,0
934,2014,2,8,21,14,-20,-6,1034,NW,40.68,0,0
935,2014,2,8,22,10,-21,-7,1035,NW,46.49,0,0
936,2014,2,8,23,6,-21,-8,1036,NW,50.51,0,0
937,2014,2,9,0,9,-21,-7,1036,NW,55.43,0,0
938,2014,2,9,1,13,-22,-8,1037,NW,61.24,0,0
939,2014,2,9,2,9,-22,-8,1037,NW,66.16,0,0
940,2014,2,9,3,10,-22,-9,1037,NW,71.08,0,0
941,2014,2,9,4,9,-23,-11,1037,NW,74.21,0,0
942,2014,2,9,5,10,-22,-12,1037,NW,77.34,0,0
943,2014,2,9,6,10,-22,-10,1037,NW,82.26,0,0
944,2014,2,9,7,11,-22,-9,1038,NW,88.07,0,0
945,2014,2,9,8,12,-21,-10,1038,NW,91.2,0,0
946,2014,2,9,9,16,-21,-7,1039,NW,95.22,0,0
947,2014,2,9,10,12,-22,-5,1038,NW,100.14,0,0
948,2014,2,9,11,17,-22,-4,1038,NW,105.06,0,0
949,2014,2,9,12,14,-22,-3,1037,NW,109.08,0,0
950,2014,2,9,13,14,-22,-3,1036,NW,113.1,0,0
951,2014,2,9,14,12,-21,-1,1035,NW,116.23,0,0
952,2014,2,9,15,14,-22,-1,1034,NW,119.36,0,0
953,2014,2,9,16,10,-22,-1,1034,cv,0.89,0,0
954,2014,2,9,17,11,-22,-1,1034,NW,3.13,0,0
955,2014,2,9,18,11,-21,-2,1035,NW,7.15,0,0
956,2014,2,9,19,14,-20,-3,1035,NW,12.07,0,0
957,2014,2,9,20,15,-20,-4,1036,NW,16.09,0,0
958,2014,2,9,21,26,-19,-5,1036,NW,21.01,0,0
959,2014,2,9,22,24,-19,-8,1037,NW,22.8,0,0
960,2014,2,9,23,18,-21,-9,1037,NW,26.82,0,0
961,2014,2,10,0,11,-19,-9,1038,NW,29.95,0,0
962,2014,2,10,1,12,-21,-9,1038,NW,33.08,0,0
963,2014,2,10,2,9,-20,-9,1038,NW,36.21,0,0
964,2014,2,10,3,9,-21,-12,1037,NW,39.34,0,0
965,2014,2,10,4,13,-21,-11,1037,NW,42.47,0,0
966,2014,2,10,5,9,-21,-12,1037,NW,45.6,0,0
967,2014,2,10,6,8,-21,-10,1037,NE,1.79,0,0
968,2014,2,10,7,7,-21,-12,1037,NW,1.79,0,0
969,2014,2,10,8,13,-18,-9,1038,NW,4.92,0,0
970,2014,2,10,9,13,-20,-6,1038,NE,4.92,0,0
971,2014,2,10,10,22,-21,-5,1038,NE,8.94,0,0
972,2014,2,10,11,10,-22,-3,1037,NW,3.13,0,0
973,2014,2,10,12,18,-23,-3,1036,NW,4.92,0,0
974,2014,2,10,13,20,-22,-3,1034,SE,1.79,0,0
975,2014,2,10,14,20,-21,-2,1033,SE,3.58,0,0
976,2014,2,10,15,26,-21,-1,1032,SE,5.37,0,0
977,2014,2,10,16,24,-21,-1,1032,SE,8.5,0,0
978,2014,2,10,17,25,-19,-3,1032,SE,12.52,0,0
979,2014,2,10,18,34,-19,-3,1032,SE,16.54,0,0
980,2014,2,10,19,42,-18,-4,1032,SE,19.67,0,0
981,2014,2,10,20,47,-18,-4,1032,SE,21.46,0,0
982,2014,2,10,21,53,-16,-6,1032,cv,0.89,0,0
983,2014,2,10,22,64,-16,-7,1032,cv,1.78,0,0
984,2014,2,10,23,65,-15,-8,1032,SE,0.89,0,0
985,2014,2,11,0,66,-16,-10,1031,cv,0.89,0,0
986,2014,2,11,1,76,-16,-10,1031,SE,1.79,0,0
987,2014,2,11,2,83,-15,-10,1030,NE,0.89,0,0
988,2014,2,11,3,120,-16,-12,1030,cv,0.45,0,0
989,2014,2,11,4,121,-17,-12,1029,cv,0.9,0,0
990,2014,2,11,5,111,-16,-12,1029,NW,1.79,0,0
991,2014,2,11,6,112,-17,-12,1029,NW,3.58,0,0
992,2014,2,11,7,100,-18,-12,1029,NW,5.37,0,0
993,2014,2,11,8,84,-17,-11,1030,NW,7.16,0,0
994,2014,2,11,9,66,-15,-8,1030,NW,8.95,0,0
995,2014,2,11,10,64,-15,-5,1030,NW,10.74,0,0
996,2014,2,11,11,73,-16,-3,1029,cv,0.89,0,0
997,2014,2,11,12,90,-16,-2,1028,cv,1.78,0,0
998,2014,2,11,13,103,-16,-1,1027,SE,1.79,0,0
999,2014,2,11,14,126,-17,0,1026,cv,3.13,0,0
1000,2014,2,11,15,146,-17,1,1026,SE,4.02,0,0
1001,2014,2,11,16,143,-17,1,1025,SE,8.04,0,0
1002,2014,2,11,17,135,-17,0,1025,SE,12.06,0,0
1003,2014,2,11,18,188,-15,-1,1026,SE,13.85,0,0
1004,2014,2,11,19,221,-13,-2,1027,SE,15.64,0,0
1005,2014,2,11,20,203,-13,-5,1027,cv,0.89,0,0
1006,2014,2,11,21,204,-12,-5,1028,cv,1.78,0,0
1007,2014,2,11,22,184,-13,-7,1028,NE,0.89,0,0
1008,2014,2,11,23,177,-13,-7,1029,cv,0.89,0,0
1009,2014,2,12,0,220,-13,-8,1029,NE,0.89,0,0
1010,2014,2,12,1,268,-14,-10,1029,NE,1.78,0,0
1011,2014,2,12,2,255,-16,-10,1030,NW,3.13,0,0
1012,2014,2,12,3,241,-15,-10,1030,NW,6.26,0,0
1013,2014,2,12,4,181,-14,-9,1030,NW,9.39,0,0
1014,2014,2,12,5,146,-14,-8,1031,NW,12.52,0,0
1015,2014,2,12,6,141,-16,-9,1031,NW,15.65,0,0
1016,2014,2,12,7,136,-14,-7,1032,NW,20.57,0,0
1017,2014,2,12,8,124,-14,-7,1033,NW,24.59,0,0
1018,2014,2,12,9,87,-18,-3,1034,NE,3.13,0,0
1019,2014,2,12,10,66,-18,0,1034,NE,4.92,0,0
1020,2014,2,12,11,44,-22,1,1034,NE,8.05,0,0
1021,2014,2,12,12,36,-23,2,1033,NE,11.18,0,0
1022,2014,2,12,13,39,-22,4,1033,SE,1.79,0,0
1023,2014,2,12,14,55,-21,4,1032,SE,3.58,0,0
1024,2014,2,12,15,114,-20,4,1031,cv,1.79,0,0
1025,2014,2,12,16,100,-20,3,1032,SE,3.13,0,0
1026,2014,2,12,17,95,-19,2,1032,SE,6.26,0,0
1027,2014,2,12,18,162,-19,2,1032,SE,9.39,0,0
1028,2014,2,12,19,237,-15,1,1033,SE,13.41,0,0
1029,2014,2,12,20,229,-15,0,1034,SE,15.2,0,0
1030,2014,2,12,21,175,-12,-1,1035,SE,18.33,0,0
1031,2014,2,12,22,150,-12,-2,1035,SE,21.46,0,0
1032,2014,2,12,23,145,-9,-3,1036,SE,24.59,0,0
1033,2014,2,13,0,268,-8,-3,1036,SE,28.61,0,0
1034,2014,2,13,1,237,-9,-4,1036,SE,32.63,0,0
1035,2014,2,13,2,208,-10,-4,1037,SE,35.76,0,0
1036,2014,2,13,3,193,-10,-3,1037,SE,37.55,0,0
1037,2014,2,13,4,175,-11,-3,1037,SE,40.68,0,0
1038,2014,2,13,5,160,-11,-3,1037,SE,42.47,0,0
1039,2014,2,13,6,176,-12,-3,1037,SE,45.6,0,0
1040,2014,2,13,7,181,-12,-3,1037,SE,48.73,0,0
1041,2014,2,13,8,185,-13,-3,1037,SE,51.86,0,0
1042,2014,2,13,9,198,-12,-3,1038,SE,53.65,1,0
1043,2014,2,13,10,205,-11,-3,1038,SE,57.67,2,0
1044,2014,2,13,11,206,-11,-2,1037,SE,61.69,0,0
1045,2014,2,13,12,214,-12,-2,1036,SE,64.82,0,0
1046,2014,2,13,13,214,-10,0,1035,SE,66.61,0,0
1047,2014,2,13,14,204,-10,0,1034,SE,68.4,0,0
1048,2014,2,13,15,208,-10,0,1033,SE,71.53,0,0
1049,2014,2,13,16,200,-10,0,1032,SE,74.66,0,0
1050,2014,2,13,17,197,-10,0,1032,SE,76.45,0,0
1051,2014,2,13,18,220,-11,-1,1032,SE,78.24,0,0
1052,2014,2,13,19,236,-11,-2,1032,cv,0.89,0,0
1053,2014,2,13,20,239,-10,-3,1032,NE,1.79,0,0
1054,2014,2,13,21,250,-10,-3,1032,NE,3.58,0,0
1055,2014,2,13,22,243,-10,-2,1031,NE,5.37,0,0
1056,2014,2,13,23,251,-10,-3,1031,NE,6.26,0,0
1057,2014,2,14,0,263,-10,-4,1031,NE,7.15,0,0
1058,2014,2,14,1,262,-10,-5,1030,cv,0.89,0,0
1059,2014,2,14,2,261,-11,-7,1029,NE,0.89,0,0
1060,2014,2,14,3,276,-11,-7,1029,NE,1.78,0,0
1061,2014,2,14,4,264,-11,-8,1028,SE,0.89,0,0
1062,2014,2,14,5,259,-11,-8,1028,NW,0.89,0,0
1063,2014,2,14,6,250,-11,-8,1028,NW,2.68,0,0
1064,2014,2,14,7,235,-11,-9,1028,NW,4.47,0,0
1065,2014,2,14,8,222,-10,-7,1028,cv,0.89,0,0
1066,2014,2,14,9,206,-8,-4,1028,NE,0.89,0,0
1067,2014,2,14,10,205,-7,-2,1028,cv,0.89,0,0
1068,2014,2,14,11,196,-7,-1,1027,cv,1.78,0,0
1069,2014,2,14,12,218,-8,0,1027,cv,2.67,0,0
1070,2014,2,14,13,234,-8,1,1025,cv,4.46,0,0
1071,2014,2,14,14,264,-8,2,1024,cv,5.35,0,0
1072,2014,2,14,15,272,-9,2,1024,SE,1.79,0,0
1073,2014,2,14,16,307,-9,3,1023,cv,0.89,0,0
1074,2014,2,14,17,323,-9,2,1024,cv,1.78,0,0
1075,2014,2,14,18,311,-8,1,1024,cv,2.23,0,0
1076,2014,2,14,19,327,-8,-2,1024,cv,2.68,0,0
1077,2014,2,14,20,362,-7,-2,1024,SE,0.89,0,0
1078,2014,2,14,21,487,-8,-4,1024,NW,1.79,0,0
1079,2014,2,14,22,436,-8,-4,1025,NE,0.89,0,0
1080,2014,2,14,23,436,-8,-4,1025,cv,0.45,0,0
1081,2014,2,15,0,579,-8,-5,1025,NW,0.89,0,0
1082,2014,2,15,1,649,-8,-5,1024,cv,0.89,0,0
1083,2014,2,15,2,457,-9,-6,1024,NW,1.79,0,0
1084,2014,2,15,3,466,-9,-6,1024,NW,3.58,0,0
1085,2014,2,15,4,408,-9,-6,1024,NW,5.37,0,0
1086,2014,2,15,5,344,-8,-5,1024,NW,7.16,0,0
1087,2014,2,15,6,322,-8,-4,1024,NW,8.95,0,0
1088,2014,2,15,7,287,-9,-5,1025,NW,10.74,0,0
1089,2014,2,15,8,319,-9,-4,1025,NE,0.89,0,0
1090,2014,2,15,9,282,-7,-3,1026,cv,0.45,0,0
1091,2014,2,15,10,277,-6,0,1026,NW,1.79,0,0
1092,2014,2,15,11,277,-8,1,1025,SE,1.79,0,0
1093,2014,2,15,12,279,-8,1,1025,SE,3.58,0,0
1094,2014,2,15,13,327,-8,3,1024,SE,5.37,0,0
1095,2014,2,15,14,348,-8,3,1024,SE,7.16,0,0
1096,2014,2,15,15,418,-8,4,1023,SE,8.95,0,0
1097,2014,2,15,16,423,-8,4,1023,cv,0.89,0,0
1098,2014,2,15,17,366,-8,3,1024,SE,1.79,0,0
1099,2014,2,15,18,338,-8,2,1024,cv,0.89,0,0
1100,2014,2,15,19,347,-7,-1,1024,cv,1.34,0,0
1101,2014,2,15,20,336,-7,-2,1024,cv,2.23,0,0
1102,2014,2,15,21,351,-8,-4,1025,cv,3.12,0,0
1103,2014,2,15,22,353,-7,-4,1025,cv,4.01,0,0
1104,2014,2,15,23,375,-8,-4,1025,NW,1.79,0,0
1105,2014,2,16,0,382,-7,-3,1026,NW,3.58,0,0
1106,2014,2,16,1,393,-8,-5,1026,NW,6.71,0,0
1107,2014,2,16,2,388,-8,-4,1026,NW,8.5,0,0
1108,2014,2,16,3,376,-8,-5,1026,NW,10.29,0,0
1109,2014,2,16,4,382,-9,-5,1026,NW,14.31,0,0
1110,2014,2,16,5,362,-8,-4,1027,NW,18.33,0,0
1111,2014,2,16,6,345,-8,-4,1028,NW,21.46,0,0
1112,2014,2,16,7,328,-10,-6,1028,NW,24.59,0,0
1113,2014,2,16,8,323,-9,-4,1029,NW,27.72,0,0
1114,2014,2,16,9,297,-6,-1,1030,NW,29.51,0,0
1115,2014,2,16,10,280,-13,4,1030,NW,31.3,0,0
1116,2014,2,16,11,267,-11,3,1031,SE,1.79,0,0
1117,2014,2,16,12,259,-15,6,1030,cv,0.89,0,0
1118,2014,2,16,13,177,-15,7,1030,cv,2.68,0,0
1119,2014,2,16,14,161,-16,7,1029,SE,1.79,0,0
1120,2014,2,16,15,120,-15,7,1029,SE,3.58,0,0
1121,2014,2,16,16,185,-12,6,1029,SE,7.6,0,0
1122,2014,2,16,17,211,-11,5,1029,SE,9.39,0,0
1123,2014,2,16,18,169,-8,4,1030,SE,13.41,0,0
1124,2014,2,16,19,242,-8,3,1030,SE,17.43,0,0
1125,2014,2,16,20,247,-6,3,1031,SE,20.56,0,0
1126,2014,2,16,21,238,-6,2,1032,SE,22.35,0,0
1127,2014,2,16,22,225,-7,1,1033,SE,24.14,0,0
1128,2014,2,16,23,216,-7,1,1033,SE,25.93,0,0
1129,2014,2,17,0,165,-7,0,1033,cv,0.89,0,0
1130,2014,2,17,1,142,-9,0,1033,SE,3.13,0,0
1131,2014,2,17,2,136,-7,0,1034,SE,4.02,0,0
1132,2014,2,17,3,117,-8,-2,1034,SE,5.81,0,0
1133,2014,2,17,4,119,-9,-3,1034,cv,0.89,0,0
1134,2014,2,17,5,52,-10,-3,1034,NE,0.89,0,0
1135,2014,2,17,6,46,-9,-3,1034,NW,1.79,0,0
1136,2014,2,17,7,53,-10,-2,1035,cv,0.89,0,0
1137,2014,2,17,8,67,-9,-1,1036,SE,0.89,0,0
1138,2014,2,17,9,70,-10,1,1037,cv,0.89,0,0
1139,2014,2,17,10,61,-16,3,1037,SE,3.13,0,0
1140,2014,2,17,11,78,-17,3,1037,SE,7.15,0,0
1141,2014,2,17,12,88,-17,4,1036,SE,10.28,0,0
1142,2014,2,17,13,75,-18,5,1035,SE,12.07,0,0
1143,2014,2,17,14,73,-18,5,1034,SE,15.2,0,0
1144,2014,2,17,15,79,-19,5,1034,SE,16.99,0,0
1145,2014,2,17,16,67,-19,5,1034,SE,20.12,0,0
1146,2014,2,17,17,73,-19,4,1033,SE,23.25,0,0
1147,2014,2,17,18,71,-18,1,1033,SE,26.38,0,0
1148,2014,2,17,19,66,-17,1,1034,SE,28.17,0,0
1149,2014,2,17,20,66,-15,1,1035,SE,33.09,0,0
1150,2014,2,17,21,75,-14,0,1036,SE,37.11,0,0
1151,2014,2,17,22,59,-15,-2,1036,SE,41.13,0,0
1152,2014,2,17,23,41,-13,-1,1036,SE,45.15,0,0
1153,2014,2,18,0,45,-13,-2,1036,SE,48.28,0,0
1154,2014,2,18,1,28,-12,-3,1036,SE,49.17,0,0
1155,2014,2,18,2,27,-12,-3,1035,SE,50.96,0,0
1156,2014,2,18,3,27,-12,-4,1035,cv,0.89,0,0
1157,2014,2,18,4,46,-12,-4,1034,SE,1.79,0,0
1158,2014,2,18,5,65,-13,-4,1035,SE,3.58,0,0
1159,2014,2,18,6,60,-13,-4,1034,SE,5.37,0,0
1160,2014,2,18,7,54,-13,-4,1035,SE,7.16,0,0
1161,2014,2,18,8,63,-12,-3,1035,SE,8.95,0,0
1162,2014,2,18,9,71,-12,-3,1035,SE,12.97,0,0
1163,2014,2,18,10,69,-12,-2,1034,SE,16.1,0,0
1164,2014,2,18,11,76,-11,0,1034,SE,19.23,0,0
1165,2014,2,18,12,82,-12,1,1033,SE,22.36,0,0
1166,2014,2,18,13,63,-12,2,1031,SE,26.38,0,0
1167,2014,2,18,14,63,-12,2,1030,SE,30.4,0,0
1168,2014,2,18,15,63,-12,2,1029,SE,34.42,0,0
1169,2014,2,18,16,64,-12,2,1029,SE,37.55,0,0
1170,2014,2,18,17,NA,-12,2,1028,SE,40.68,0,0
1171,2014,2,18,18,88,-12,0,1028,SE,42.47,0,0
1172,2014,2,18,19,80,-11,-1,1029,cv,0.89,0,0
1173,2014,2,18,20,89,-10,-2,1029,SE,0.89,0,0
1174,2014,2,18,21,93,-11,-1,1029,NE,1.79,0,0
1175,2014,2,18,22,104,-11,-1,1030,SE,1.79,0,0
1176,2014,2,18,23,123,-11,-2,1029,SE,2.68,1,0
1177,2014,2,19,0,118,-11,-2,1029,NE,1.79,0,0
1178,2014,2,19,1,116,-11,-3,1029,NE,3.58,0,0
1179,2014,2,19,2,125,-11,-3,1029,SE,0.89,0,0
1180,2014,2,19,3,119,-11,-5,1028,NW,1.79,0,0
1181,2014,2,19,4,120,-11,-5,1028,cv,0.89,0,0
1182,2014,2,19,5,122,-12,-7,1028,NW,3.13,0,0
1183,2014,2,19,6,122,-11,-6,1029,cv,0.89,0,0
1184,2014,2,19,7,112,-12,-8,1029,cv,1.78,0,0
1185,2014,2,19,8,108,-10,-7,1030,NW,1.79,0,0
1186,2014,2,19,9,103,-8,0,1030,NW,4.92,0,0
1187,2014,2,19,10,89,-13,2,1031,NW,8.05,0,0
1188,2014,2,19,11,58,-15,3,1030,NW,9.84,0,0
1189,2014,2,19,12,38,-17,4,1029,NE,1.79,0,0
1190,2014,2,19,13,19,-17,5,1028,NW,1.79,0,0
1191,2014,2,19,14,22,-17,5,1027,cv,0.89,0,0
1192,2014,2,19,15,18,-18,6,1027,NE,1.79,0,0
1193,2014,2,19,16,14,-19,5,1027,SE,3.13,0,0
1194,2014,2,19,17,16,-18,5,1027,SE,7.15,0,0
1195,2014,2,19,18,15,-17,2,1027,SE,8.94,0,0
1196,2014,2,19,19,34,-15,1,1028,SE,12.96,0,0
1197,2014,2,19,20,39,-11,-1,1029,SE,16.98,0,0
1198,2014,2,19,21,89,-12,-2,1029,SE,20.11,0,0
1199,2014,2,19,22,124,-8,0,1030,SE,25.03,0,0
1200,2014,2,19,23,142,-9,-2,1030,SE,26.82,0,0
1201,2014,2,20,0,152,-7,-2,1030,SE,29.95,0,0
1202,2014,2,20,1,156,-7,-3,1030,SE,31.74,0,0
1203,2014,2,20,2,152,-7,-4,1030,SE,33.53,0,0
1204,2014,2,20,3,160,-7,-4,1030,SE,35.32,0,0
1205,2014,2,20,4,173,-6,-3,1030,SE,36.21,0,0
1206,2014,2,20,5,174,-6,-3,1030,cv,0.89,0,0
1207,2014,2,20,6,180,-5,-2,1031,SE,0.89,0,0
1208,2014,2,20,7,185,-5,-2,1031,SE,1.78,0,0
1209,2014,2,20,8,184,-5,-2,1032,SE,3.57,1,0
1210,2014,2,20,9,190,-5,-1,1032,SE,5.36,2,0
1211,2014,2,20,10,196,-6,-1,1032,SE,7.15,0,0
1212,2014,2,20,11,NA,-6,0,1032,SE,8.94,0,0
1213,2014,2,20,12,221,-7,0,1031,SE,10.73,0,0
1214,2014,2,20,13,233,-7,1,1030,SE,13.86,0,0
1215,2014,2,20,14,240,-7,1,1030,SE,16.99,0,0
1216,2014,2,20,15,273,-6,1,1030,SE,20.12,0,0
1217,2014,2,20,16,327,-6,0,1029,SE,23.25,0,0
1218,2014,2,20,17,347,-5,0,1029,SE,26.38,0,0
1219,2014,2,20,18,384,-5,-1,1029,SE,28.17,0,0
1220,2014,2,20,19,392,-6,-3,1029,SE,29.06,0,0
1221,2014,2,20,20,400,-6,-2,1030,SE,29.95,0,0
1222,2014,2,20,21,394,-6,-3,1030,NE,0.89,0,0
1223,2014,2,20,22,448,-6,-3,1030,cv,0.45,0,0
1224,2014,2,20,23,424,-6,-4,1030,SE,0.89,0,0
1225,2014,2,21,0,400,-6,-4,1030,cv,0.45,0,0
1226,2014,2,21,1,398,-7,-4,1030,cv,0.9,0,0
1227,2014,2,21,2,383,-8,-5,1029,cv,1.35,0,0
1228,2014,2,21,3,357,-7,-5,1029,cv,1.8,0,0
1229,2014,2,21,4,367,-7,-5,1029,cv,2.25,0,0
1230,2014,2,21,5,335,-7,-5,1029,SE,0.89,0,0
1231,2014,2,21,6,313,-8,-6,1029,NW,0.89,0,0
1232,2014,2,21,7,328,-6,-4,1029,cv,0.89,0,0
1233,2014,2,21,8,324,-5,-2,1029,NW,1.79,0,0
1234,2014,2,21,9,305,-3,0,1029,NW,4.92,0,0
1235,2014,2,21,10,268,-5,1,1029,NW,6.71,0,0
1236,2014,2,21,11,247,-5,2,1029,NW,8.5,0,0
1237,2014,2,21,12,267,-6,2,1028,cv,0.89,0,0
1238,2014,2,21,13,334,-6,3,1027,NW,1.79,0,0
1239,2014,2,21,14,328,-6,4,1026,cv,0.89,0,0
1240,2014,2,21,15,327,-6,4,1026,NE,1.79,0,0
1241,2014,2,21,16,326,-7,4,1026,SE,1.79,0,0
1242,2014,2,21,17,309,-7,3,1026,cv,0.89,0,0
1243,2014,2,21,18,321,-7,1,1027,SE,0.89,0,0
1244,2014,2,21,19,340,-6,1,1028,cv,0.89,0,0
1245,2014,2,21,20,346,-7,-2,1028,cv,1.78,0,0
1246,2014,2,21,21,330,-6,-1,1029,NE,0.89,0,0
1247,2014,2,21,22,340,-7,-2,1029,NW,3.13,0,0
1248,2014,2,21,23,353,-6,-1,1029,cv,0.89,0,0
1249,2014,2,22,0,384,-5,-1,1029,NW,0.89,0,0
1250,2014,2,22,1,383,-6,-2,1029,NW,2.68,0,0
1251,2014,2,22,2,399,-5,-1,1029,NW,5.81,0,0
1252,2014,2,22,3,340,-5,0,1029,NW,6.7,0,0
1253,2014,2,22,4,327,-6,0,1029,NW,7.59,0,0
1254,2014,2,22,5,295,-5,1,1029,NW,9.38,0,0
1255,2014,2,22,6,296,-6,1,1029,NW,11.17,0,0
1256,2014,2,22,7,333,-6,1,1030,NW,14.3,0,0
1257,2014,2,22,8,336,-6,2,1030,NW,16.09,0,0
1258,2014,2,22,9,350,-6,3,1031,NW,19.22,0,0
1259,2014,2,22,10,305,-5,3,1031,NW,21.01,0,0
1260,2014,2,22,11,283,-5,5,1031,cv,0.89,0,0
1261,2014,2,22,12,323,-5,5,1030,SE,1.79,0,0
1262,2014,2,22,13,377,-5,6,1029,NE,1.79,0,0
1263,2014,2,22,14,357,-4,6,1029,SE,1.79,0,0
1264,2014,2,22,15,360,-4,6,1029,SE,4.92,0,0
1265,2014,2,22,16,350,-4,6,1029,SE,8.05,0,0
1266,2014,2,22,17,339,-4,5,1029,cv,0.89,0,0
1267,2014,2,22,18,335,-4,4,1029,NE,0.89,0,0
1268,2014,2,22,19,341,-4,2,1030,SE,0.89,0,0
1269,2014,2,22,20,352,-4,3,1031,SE,2.68,0,0
1270,2014,2,22,21,355,-2,4,1031,SE,5.81,0,0
1271,2014,2,22,22,327,-3,3,1031,SE,8.94,0,0
1272,2014,2,22,23,303,-4,2,1032,SE,10.73,0,0
1273,2014,2,23,0,287,-4,2,1032,SE,12.52,0,0
1274,2014,2,23,1,279,-5,2,1032,SE,14.31,0,0
1275,2014,2,23,2,NA,-5,2,1032,SE,16.1,0,0
1276,2014,2,23,3,264,-5,1,1032,SE,17.89,0,0
1277,2014,2,23,4,245,-6,1,1031,SE,19.68,0,0
1278,2014,2,23,5,228,-6,1,1031,cv,0.89,0,0
1279,2014,2,23,6,233,-6,1,1031,cv,1.78,0,0
1280,2014,2,23,7,240,-6,1,1032,cv,2.67,0,0
1281,2014,2,23,8,246,-6,1,1032,cv,3.56,0,0
1282,2014,2,23,9,246,-6,1,1032,cv,4.45,0,0
1283,2014,2,23,10,252,-6,2,1032,SE,1.79,0,0
1284,2014,2,23,11,266,-6,2,1032,cv,0.89,0,0
1285,2014,2,23,12,270,-6,2,1031,cv,1.78,0,0
1286,2014,2,23,13,279,-6,2,1030,cv,2.67,0,0
1287,2014,2,23,14,283,-6,2,1030,cv,3.56,0,0
1288,2014,2,23,15,316,-6,3,1030,cv,4.45,0,0
1289,2014,2,23,16,336,-6,3,1029,cv,5.34,0,0
1290,2014,2,23,17,333,-6,3,1029,SE,0.89,0,0
1291,2014,2,23,18,348,-5,2,1029,SE,1.78,0,0
1292,2014,2,23,19,360,-6,2,1030,cv,0.89,0,0
1293,2014,2,23,20,358,-5,1,1030,cv,1.78,0,0
1294,2014,2,23,21,358,-5,2,1030,cv,2.67,0,0
1295,2014,2,23,22,357,-5,2,1030,cv,3.56,0,0
1296,2014,2,23,23,362,-5,2,1030,cv,4.45,0,0
1297,2014,2,24,0,348,-5,2,1030,NE,0.89,0,0
1298,2014,2,24,1,323,-5,2,1029,NW,0.89,0,0
1299,2014,2,24,2,339,-5,2,1029,cv,0.45,0,0
1300,2014,2,24,3,339,-5,2,1028,NW,0.89,0,0
1301,2014,2,24,4,339,-5,2,1028,NW,2.68,0,0
1302,2014,2,24,5,341,-5,2,1028,NW,4.47,0,0
1303,2014,2,24,6,344,-5,1,1028,NW,6.26,0,0
1304,2014,2,24,7,335,-5,1,1028,NW,8.05,0,0
1305,2014,2,24,8,329,-5,2,1029,cv,0.89,0,0
1306,2014,2,24,9,323,-5,3,1029,NE,1.79,0,0
1307,2014,2,24,10,350,-5,4,1029,NE,3.58,0,0
1308,2014,2,24,11,341,-5,5,1028,NW,1.79,0,0
1309,2014,2,24,12,347,-5,6,1028,NW,3.58,0,0
1310,2014,2,24,13,356,-5,7,1027,cv,0.89,0,0
1311,2014,2,24,14,342,-5,7,1026,cv,1.78,0,0
1312,2014,2,24,15,366,-5,7,1025,cv,2.67,0,0
1313,2014,2,24,16,358,-5,7,1025,cv,4.46,0,0
1314,2014,2,24,17,391,-5,7,1025,cv,5.35,0,0
1315,2014,2,24,18,425,-5,5,1025,cv,6.24,0,0
1316,2014,2,24,19,387,-5,4,1026,SE,1.79,0,0
1317,2014,2,24,20,363,-5,3,1027,SE,3.58,0,0
1318,2014,2,24,21,343,-5,2,1027,cv,0.89,0,0
1319,2014,2,24,22,353,-5,0,1027,NE,0.89,0,0
1320,2014,2,24,23,357,-4,0,1027,NE,1.78,0,0
1321,2014,2,25,0,371,-4,-1,1027,cv,0.89,0,0
1322,2014,2,25,1,394,-5,-1,1027,cv,1.34,0,0
1323,2014,2,25,2,453,-5,-2,1027,NE,0.89,0,0
1324,2014,2,25,3,453,-5,-2,1027,cv,0.89,0,0
1325,2014,2,25,4,485,-5,-2,1027,NW,0.89,0,0
1326,2014,2,25,5,463,-5,-2,1027,NW,1.78,0,0
1327,2014,2,25,6,463,-5,-2,1027,NW,3.57,0,0
1328,2014,2,25,7,418,-4,-1,1027,NW,5.36,0,0
1329,2014,2,25,8,384,-4,0,1028,NW,7.15,0,0
1330,2014,2,25,9,371,-4,2,1028,NW,10.28,0,0
1331,2014,2,25,10,369,-4,3,1027,cv,0.89,0,0
1332,2014,2,25,11,374,-4,5,1027,cv,1.78,0,0
1333,2014,2,25,12,397,-4,6,1027,cv,2.67,0,0
1334,2014,2,25,13,397,-4,7,1025,cv,3.56,0,0
1335,2014,2,25,14,389,-5,8,1024,SE,1.79,0,0
1336,2014,2,25,15,410,-4,8,1024,SE,3.58,0,0
1337,2014,2,25,16,436,-4,8,1024,cv,1.79,0,0
1338,2014,2,25,17,462,-4,8,1024,cv,2.68,0,0
1339,2014,2,25,18,482,-4,6,1024,cv,3.13,0,0
1340,2014,2,25,19,501,-3,4,1025,cv,4.02,0,0
1341,2014,2,25,20,507,-5,3,1025,NW,1.79,0,0
1342,2014,2,25,21,523,-4,2,1026,NE,1.79,0,0
1343,2014,2,25,22,545,-4,1,1026,cv,0.89,0,0
1344,2014,2,25,23,577,-4,1,1025,cv,1.34,0,0
1345,2014,2,26,0,541,-4,0,1025,cv,2.23,0,0
1346,2014,2,26,1,532,-4,1,1025,NE,0.89,0,0
1347,2014,2,26,2,534,-4,1,1025,NW,0.89,0,0
1348,2014,2,26,3,495,-4,0,1024,NW,2.68,0,0
1349,2014,2,26,4,483,-4,1,1024,NW,4.47,0,0
1350,2014,2,26,5,474,-4,1,1023,NW,5.36,0,0
1351,2014,2,26,6,478,-4,0,1023,cv,0.89,0,0
1352,2014,2,26,7,496,-4,0,1023,NW,0.89,0,0
1353,2014,2,26,8,519,-3,1,1024,NW,1.78,0,0
1354,2014,2,26,9,526,-2,4,1023,NW,2.67,0,0
1355,2014,2,26,10,512,-1,5,1023,SE,1.79,0,0
1356,2014,2,26,11,557,0,6,1022,cv,0.89,0,0
1357,2014,2,26,12,551,0,7,1021,cv,1.78,0,0
1358,2014,2,26,13,562,0,8,1021,cv,2.67,0,0
1359,2014,2,26,14,542,-1,9,1020,NW,3.13,0,0
1360,2014,2,26,15,502,-1,9,1020,cv,0.89,0,0
1361,2014,2,26,16,525,0,9,1020,NW,1.79,0,0
1362,2014,2,26,17,446,0,9,1021,NW,4.92,0,1
1363,2014,2,26,18,188,2,8,1022,NW,10.73,0,2
1364,2014,2,26,19,111,2,7,1023,NW,15.65,0,3
1365,2014,2,26,20,82,2,8,1023,NW,19.67,0,0
1366,2014,2,26,21,58,2,6,1024,NE,3.13,0,1
1367,2014,2,26,22,43,2,6,1024,NW,3.13,0,0
1368,2014,2,26,23,27,2,6,1025,NW,6.26,0,0
1369,2014,2,27,0,31,-9,7,1025,NW,14.31,0,0
1370,2014,2,27,1,15,-11,5,1026,NW,22.36,0,0
1371,2014,2,27,2,17,-14,4,1027,NW,28.17,0,0
1372,2014,2,27,3,17,-15,4,1027,NW,37.11,0,0
1373,2014,2,27,4,21,-15,3,1027,NW,46.05,0,0
1374,2014,2,27,5,17,-16,3,1028,NW,54.1,0,0
1375,2014,2,27,6,13,-17,2,1029,NW,59.91,0,0
1376,2014,2,27,7,11,-18,2,1030,NW,64.83,0,0
1377,2014,2,27,8,12,-15,3,1031,NW,67.96,0,0
1378,2014,2,27,9,10,-18,5,1032,NW,75.11,0,0
1379,2014,2,27,10,13,-18,5,1032,NW,80.92,0,0
1380,2014,2,27,11,13,-17,6,1032,NW,84.05,0,0
1381,2014,2,27,12,8,-18,7,1031,NE,4.02,0,0
1382,2014,2,27,13,12,-19,8,1030,NW,3.13,0,0
1383,2014,2,27,14,12,-19,7,1029,cv,3.13,0,0
1384,2014,2,27,15,14,-19,9,1028,cv,4.92,0,0
1385,2014,2,27,16,17,-19,8,1028,NE,1.79,0,0
1386,2014,2,27,17,18,-20,7,1027,NE,3.58,0,0
1387,2014,2,27,18,17,-19,6,1027,SE,1.79,0,0
1388,2014,2,27,19,19,-17,2,1028,SE,3.58,0,0
1389,2014,2,27,20,31,-18,3,1028,SE,5.37,0,0
1390,2014,2,27,21,45,-16,1,1028,cv,0.89,0,0
1391,2014,2,27,22,42,-12,0,1028,cv,1.78,0,0
1392,2014,2,27,23,53,-15,0,1029,cv,2.67,0,0
1393,2014,2,28,0,42,-12,-2,1028,NE,1.79,0,0
1394,2014,2,28,1,34,-14,0,1029,SE,3.13,0,0
1395,2014,2,28,2,130,-6,-1,1029,SE,4.92,0,0
1396,2014,2,28,3,114,-5,-1,1029,SE,8.05,0,0
1397,2014,2,28,4,61,-5,-1,1028,SE,9.84,0,0
1398,2014,2,28,5,48,-6,-2,1028,cv,0.89,0,0
1399,2014,2,28,6,48,-6,-2,1028,cv,1.78,0,0
1400,2014,2,28,7,54,-8,-3,1029,cv,2.67,0,0
1401,2014,2,28,8,57,-5,-1,1029,SE,0.89,0,0
1402,2014,2,28,9,63,-6,0,1030,cv,0.89,0,0
1403,2014,2,28,10,81,-6,2,1029,SE,1.79,0,0
1404,2014,2,28,11,98,-6,2,1029,SE,3.58,0,0
1405,2014,2,28,12,106,-8,3,1027,SE,7.6,0,0
1406,2014,2,28,13,97,-8,5,1026,SE,10.73,0,0
1407,2014,2,28,14,108,-8,5,1025,SE,13.86,0,0
1408,2014,2,28,15,103,-9,6,1024,cv,0.89,0,0
1409,2014,2,28,16,96,-9,6,1023,cv,1.78,0,0
1410,2014,2,28,17,84,-9,6,1023,SE,1.79,0,0
1411,2014,2,28,18,118,-10,6,1023,SE,3.58,0,0
1412,2014,2,28,19,116,-7,4,1023,NW,4.02,0,0
1413,2014,2,28,20,158,-7,2,1024,cv,0.89,0,0
1414,2014,2,28,21,171,-7,0,1025,cv,1.78,0,0
1415,2014,2,28,22,179,-7,0,1025,NW,1.79,0,0
1416,2014,2,28,23,172,-6,0,1025,NW,3.58,0,0